timestamp,filename,simulation,replica,pos_threshold,neg_threshold,load_time_ms,render_time_ms,avg_fps,memory_heap_mb,visible_points
2026-04-17T19:24:18.660Z,dccm_data_25.bin,asp294his,Rep_1,0.35,0.35,143.40,7463.90,24.4,1642.21, 4935054
2026-04-17T19:24:31.851Z,dccm_data_25.bin,asp294his,Rep_1,0.5,0.5,143.40,689.00,39.1,1513.70, 1947178
2026-04-17T19:24:52.206Z,dccm_data_25.bin,asp294his,Rep_1,0.75,0.75,143.40,303.40,58.0,1316.62, 600626
2026-04-17T19:25:16.681Z,dccm_data_50.bin,asp294his,Rep_1,0.35,0.35,84.80,4381.50,33.5,902.23, 2381720
2026-04-17T19:25:32.543Z,dccm_data_50.bin,asp294his,Rep_1,0.5,0.5,84.80,326.20,52.4,885.48, 995898
2026-04-17T19:25:52.745Z,dccm_data_50.bin,asp294his,Rep_1,0.75,0.75,84.80,162.00,59.3,770.18, 322700
2026-04-17T19:26:15.727Z,dccm_data_100.bin,asp294his,Rep_1,0.35,0.35,55.20,2922.40,43.1,624.52, 1291592
2026-04-17T19:26:32.961Z,dccm_data_100.bin,asp294his,Rep_1,0.5,0.5,55.20,173.90,58.7,599.84, 555396
2026-04-17T19:26:53.050Z,dccm_data_100.bin,asp294his,Rep_1,0.75,0.75,55.20,88.70,59.8,524.89, 177916
2026-04-17T19:27:15.259Z,dccm_data_200.bin,asp294his,Rep_1,0.35,0.35,55.90,2147.60,56.9,442.80, 681432
2026-04-17T19:27:33.146Z,dccm_data_200.bin,asp294his,Rep_1,0.5,0.5,55.90,90.40,59.8,447.91, 297326
2026-04-17T19:27:53.195Z,dccm_data_200.bin,asp294his,Rep_1,0.75,0.75,55.90,48.80,59.9,395.71, 96750
2026-04-17T19:28:15.021Z,dccm_data_400.bin,asp294his,Rep_1,0.35,0.35,58.20,1764.20,57.0,411.38, 390638
2026-04-17T19:28:33.257Z,dccm_data_400.bin,asp294his,Rep_1,0.5,0.5,58.20,58.00,59.9,365.61, 170146
2026-04-17T19:28:53.286Z,dccm_data_400.bin,asp294his,Rep_1,0.75,0.75,58.20,28.90,60.0,348.59, 53872
2026-04-17T19:29:14.955Z,dccm_data_800.bin,asp294his,Rep_1,0.35,0.35,36.70,1630.10,57.4,340.56, 208152
2026-04-17T19:29:33.320Z,dccm_data_800.bin,asp294his,Rep_1,0.5,0.5,36.70,31.60,60.0,325.55, 94076
2026-04-17T19:29:53.335Z,dccm_data_800.bin,asp294his,Rep_1,0.75,0.75,36.70,14.60,60.0,292.61, 28876
2026-04-17T19:30:14.912Z,dccm_data_1600.bin,asp294his,Rep_1,0.35,0.35,14.10,1559.90,57.5,325.52, 140210
2026-04-17T19:30:33.361Z,dccm_data_1600.bin,asp294his,Rep_1,0.5,0.5,14.10,22.60,60.0,294.46, 62242
2026-04-17T19:30:53.372Z,dccm_data_1600.bin,asp294his,Rep_1,0.75,0.75,14.10,11.00,60.0,310.20, 18824
2026-04-17T19:31:20.762Z,dccm_data_25.bin,asp294his,Rep_2,0.35,0.35,300.50,7087.40,43.3,1647.83, 4313638
2026-04-17T19:31:34.027Z,dccm_data_25.bin,asp294his,Rep_2,0.5,0.5,300.50,571.20,49.6,1408.61, 1665524
2026-04-17T19:31:54.302Z,dccm_data_25.bin,asp294his,Rep_2,0.75,0.75,300.50,275.10,59.2,1437.23, 503154
2026-04-17T19:32:18.711Z,dccm_data_50.bin,asp294his,Rep_2,0.35,0.35,302.40,4100.80,53.0,851.42, 1961360
2026-04-17T19:32:34.578Z,dccm_data_50.bin,asp294his,Rep_2,0.5,0.5,302.40,269.70,58.4,888.11, 825260
2026-04-17T19:32:54.731Z,dccm_data_50.bin,asp294his,Rep_2,0.75,0.75,302.40,146.90,59.0,776.84, 262580
2026-04-17T19:33:17.687Z,dccm_data_100.bin,asp294his,Rep_2,0.35,0.35,235.00,2716.50,55.2,619.96, 972796
2026-04-17T19:33:34.877Z,dccm_data_100.bin,asp294his,Rep_2,0.5,0.5,235.00,141.80,59.6,576.32, 424974
2026-04-17T19:33:54.956Z,dccm_data_100.bin,asp294his,Rep_2,0.75,0.75,235.00,78.70,59.8,529.30, 139498
2026-04-17T19:34:17.216Z,dccm_data_200.bin,asp294his,Rep_2,0.35,0.35,167.80,2089.10,57.1,445.81, 521724
2026-04-17T19:34:35.039Z,dccm_data_200.bin,asp294his,Rep_2,0.5,0.5,167.80,79.50,59.8,436.82, 231836
2026-04-17T19:34:55.086Z,dccm_data_200.bin,asp294his,Rep_2,0.75,0.75,167.80,46.50,60.0,383.83, 75060
2026-04-17T19:35:16.912Z,dccm_data_400.bin,asp294his,Rep_2,0.35,0.35,46.80,1776.00,56.6,370.27, 282728
2026-04-17T19:35:35.136Z,dccm_data_400.bin,asp294his,Rep_2,0.5,0.5,46.80,46.80,60.0,352.82, 129562
2026-04-17T19:35:55.165Z,dccm_data_400.bin,asp294his,Rep_2,0.75,0.75,46.80,28.20,60.0,341.75, 40856
2026-04-17T19:36:16.791Z,dccm_data_800.bin,asp294his,Rep_2,0.35,0.35,25.00,1598.40,57.3,332.07, 152478
2026-04-17T19:36:35.194Z,dccm_data_800.bin,asp294his,Rep_2,0.5,0.5,25.00,27.00,60.0,313.08, 72572
2026-04-17T19:36:55.210Z,dccm_data_800.bin,asp294his,Rep_2,0.75,0.75,25.00,15.00,60.0,299.56, 22290
2026-04-17T19:37:16.697Z,dccm_data_1600.bin,asp294his,Rep_2,0.35,0.35,9.30,1475.60,57.6,327.67, 93680
2026-04-17T19:37:35.234Z,dccm_data_1600.bin,asp294his,Rep_2,0.5,0.5,9.30,21.00,60.0,289.41, 44494
2026-04-17T19:37:55.243Z,dccm_data_1600.bin,asp294his,Rep_2,0.75,0.75,9.30,8.50,60.0,299.86, 13690
2026-04-17T19:38:23.123Z,dccm_data_25.bin,asp294his,Rep_3,0.35,0.35,282.70,7596.00,40.9,1564.19, 5104544
2026-04-17T19:38:35.904Z,dccm_data_25.bin,asp294his,Rep_3,0.5,0.5,282.70,659.20,51.8,1576.80, 2003042
2026-04-17T19:38:56.240Z,dccm_data_25.bin,asp294his,Rep_3,0.75,0.75,282.70,330.50,59.1,1296.47, 590698
2026-04-17T19:39:21.116Z,dccm_data_50.bin,asp294his,Rep_3,0.35,0.35,502.40,4368.00,50.3,923.68, 2383540
2026-04-17T19:39:36.600Z,dccm_data_50.bin,asp294his,Rep_3,0.5,0.5,502.40,312.80,58.3,931.44, 986228
2026-04-17T19:39:56.761Z,dccm_data_50.bin,asp294his,Rep_3,0.75,0.75,502.40,159.90,59.5,853.24, 309208
2026-04-17T19:40:19.844Z,dccm_data_100.bin,asp294his,Rep_3,0.35,0.35,234.10,2845.20,56.5,610.95, 1217188
2026-04-17T19:40:36.931Z,dccm_data_100.bin,asp294his,Rep_3,0.5,0.5,234.10,165.40,59.6,592.34, 533296
2026-04-17T19:40:57.021Z,dccm_data_100.bin,asp294his,Rep_3,0.75,0.75,234.10,89.90,59.8,520.63, 172240
2026-04-17T19:41:19.306Z,dccm_data_200.bin,asp294his,Rep_3,0.35,0.35,116.80,2165.50,56.9,457.66, 656244
2026-04-17T19:41:37.115Z,dccm_data_200.bin,asp294his,Rep_3,0.5,0.5,116.80,90.40,59.8,450.31, 285984
2026-04-17T19:41:57.167Z,dccm_data_200.bin,asp294his,Rep_3,0.75,0.75,116.80,50.20,60.0,395.42, 92060
2026-04-17T19:42:18.977Z,dccm_data_400.bin,asp294his,Rep_3,0.35,0.35,63.60,1743.80,56.9,373.91, 358726
2026-04-17T19:42:37.224Z,dccm_data_400.bin,asp294his,Rep_3,0.5,0.5,63.60,54.40,60.0,360.57, 160194
2026-04-17T19:42:57.253Z,dccm_data_400.bin,asp294his,Rep_3,0.75,0.75,63.60,28.30,60.0,347.05, 50028
2026-04-17T19:43:18.839Z,dccm_data_800.bin,asp294his,Rep_3,0.35,0.35,17.60,1566.30,57.4,338.72, 190036
2026-04-17T19:43:37.286Z,dccm_data_800.bin,asp294his,Rep_3,0.5,0.5,17.60,30.10,60.0,321.12, 83658
2026-04-17T19:43:57.302Z,dccm_data_800.bin,asp294his,Rep_3,0.75,0.75,17.60,16.30,60.0,302.96, 25818
2026-04-17T19:44:18.869Z,dccm_data_1600.bin,asp294his,Rep_3,0.35,0.35,17.80,1545.90,57.6,295.54, 102886
2026-04-17T19:44:37.325Z,dccm_data_1600.bin,asp294his,Rep_3,0.5,0.5,17.80,19.70,60.0,289.90, 45260
2026-04-17T19:44:57.336Z,dccm_data_1600.bin,asp294his,Rep_3,0.75,0.75,17.80,10.20,60.0,304.08, 14070
2026-04-17T19:45:24.665Z,dccm_data_25.bin,asp294his,Rep_4,0.35,0.35,298.50,7028.30,43.6,1567.28, 3992396
2026-04-17T19:45:37.957Z,dccm_data_25.bin,asp294his,Rep_4,0.5,0.5,298.50,618.70,53.5,1448.06, 1653582
2026-04-17T19:45:58.250Z,dccm_data_25.bin,asp294his,Rep_4,0.75,0.75,298.50,291.30,59.2,1286.28, 536344
2026-04-17T19:46:22.697Z,dccm_data_50.bin,asp294his,Rep_4,0.35,0.35,369.30,4071.00,51.5,952.61, 1805636
2026-04-17T19:46:38.561Z,dccm_data_50.bin,asp294his,Rep_4,0.5,0.5,369.30,287.70,58.8,860.91, 818986
2026-04-17T19:46:58.713Z,dccm_data_50.bin,asp294his,Rep_4,0.75,0.75,369.30,152.20,59.6,763.83, 280078
2026-04-17T19:47:21.512Z,dccm_data_100.bin,asp294his,Rep_4,0.35,0.35,161.70,2632.20,56.6,607.33, 920470
2026-04-17T19:47:38.873Z,dccm_data_100.bin,asp294his,Rep_4,0.5,0.5,161.70,153.90,59.6,566.94, 428978
2026-04-17T19:47:58.954Z,dccm_data_100.bin,asp294his,Rep_4,0.75,0.75,161.70,81.20,59.9,508.65, 150700
2026-04-17T19:48:21.125Z,dccm_data_200.bin,asp294his,Rep_4,0.35,0.35,159.10,2007.90,59.3,421.35, 483042
2026-04-17T19:48:39.037Z,dccm_data_200.bin,asp294his,Rep_4,0.5,0.5,159.10,78.80,59.9,422.17, 224398
2026-04-17T19:48:59.082Z,dccm_data_200.bin,asp294his,Rep_4,0.75,0.75,159.10,44.70,60.0,382.64, 80670
2026-04-17T19:49:20.913Z,dccm_data_400.bin,asp294his,Rep_4,0.35,0.35,68.10,1761.00,57.1,357.04, 256306
2026-04-17T19:49:39.129Z,dccm_data_400.bin,asp294his,Rep_4,0.5,0.5,68.10,44.30,60.0,346.46, 117356
2026-04-17T19:49:59.155Z,dccm_data_400.bin,asp294his,Rep_4,0.75,0.75,68.10,25.70,60.0,327.70, 43680
2026-04-17T19:50:20.773Z,dccm_data_800.bin,asp294his,Rep_4,0.35,0.35,27.90,1587.20,57.4,314.82, 126764
2026-04-17T19:50:39.181Z,dccm_data_800.bin,asp294his,Rep_4,0.5,0.5,27.90,23.10,60.0,309.08, 58204
2026-04-17T19:50:59.196Z,dccm_data_800.bin,asp294his,Rep_4,0.75,0.75,27.90,14.60,60.0,309.08, 22440
2026-04-17T19:51:20.742Z,dccm_data_1600.bin,asp294his,Rep_4,0.35,0.35,17.20,1526.10,57.5,324.13, 70228
2026-04-17T19:51:39.212Z,dccm_data_1600.bin,asp294his,Rep_4,0.5,0.5,17.20,13.10,60.0,282.89, 33292
2026-04-17T19:51:59.220Z,dccm_data_1600.bin,asp294his,Rep_4,0.75,0.75,17.20,7.00,60.0,273.40, 12202
2026-04-17T19:52:27.106Z,dccm_data_25.bin,asp294his,Rep_5,0.35,0.35,314.20,7569.90,24.1,1535.69, 4816732
2026-04-17T19:52:40.082Z,dccm_data_25.bin,asp294his,Rep_5,0.5,0.5,314.20,700.00,37.9,1492.96, 1944058
2026-04-17T19:53:00.490Z,dccm_data_25.bin,asp294his,Rep_5,0.75,0.75,314.20,341.00,57.9,1289.25, 564816
2026-04-17T19:53:25.174Z,dccm_data_50.bin,asp294his,Rep_5,0.35,0.35,444.80,4230.40,34.5,1002.93, 2242202
2026-04-17T19:53:40.864Z,dccm_data_50.bin,asp294his,Rep_5,0.5,0.5,444.80,355.50,52.5,804.04, 978332
2026-04-17T19:54:01.048Z,dccm_data_50.bin,asp294his,Rep_5,0.75,0.75,444.80,153.90,59.4,842.99, 301700
2026-04-17T19:54:24.212Z,dccm_data_100.bin,asp294his,Rep_5,0.35,0.35,276.50,2881.80,44.9,615.53, 1169650
2026-04-17T19:54:41.248Z,dccm_data_100.bin,asp294his,Rep_5,0.5,0.5,276.50,170.20,59.0,597.13, 522288
2026-04-17T19:55:01.333Z,dccm_data_100.bin,asp294his,Rep_5,0.75,0.75,276.50,84.70,59.8,519.07, 165416
2026-04-17T19:55:23.607Z,dccm_data_200.bin,asp294his,Rep_5,0.35,0.35,102.90,2164.10,56.8,444.04, 612822
2026-04-17T19:55:41.436Z,dccm_data_200.bin,asp294his,Rep_5,0.5,0.5,102.90,93.10,59.8,431.11, 275982
2026-04-17T19:56:01.484Z,dccm_data_200.bin,asp294his,Rep_5,0.75,0.75,102.90,46.10,60.0,392.64, 86944
2026-04-17T19:56:23.389Z,dccm_data_400.bin,asp294his,Rep_5,0.35,0.35,87.80,1814.60,56.6,386.33, 350220
2026-04-17T19:56:41.544Z,dccm_data_400.bin,asp294his,Rep_5,0.5,0.5,87.80,57.30,59.9,363.71, 170590
2026-04-17T19:57:01.577Z,dccm_data_400.bin,asp294his,Rep_5,0.75,0.75,87.80,28.30,60.0,349.83, 56820
2026-04-17T19:57:23.203Z,dccm_data_800.bin,asp294his,Rep_5,0.35,0.35,20.60,1601.10,57.2,328.27, 204586
2026-04-17T19:57:41.615Z,dccm_data_800.bin,asp294his,Rep_5,0.5,0.5,20.60,33.60,60.0,327.20, 104170
2026-04-17T19:58:01.634Z,dccm_data_800.bin,asp294his,Rep_5,0.75,0.75,20.60,18.60,60.0,295.05, 33370
2026-04-17T19:58:23.154Z,dccm_data_1600.bin,asp294his,Rep_5,0.35,0.35,10.80,1506.70,57.5,328.32, 118572
2026-04-17T19:58:41.664Z,dccm_data_1600.bin,asp294his,Rep_5,0.5,0.5,10.80,26.50,60.0,299.52, 61550
2026-04-17T19:59:01.676Z,dccm_data_1600.bin,asp294his,Rep_5,0.75,0.75,10.80,11.90,60.0,307.78, 19560
2026-04-17T19:59:28.948Z,dccm_data_25.bin,asp294his_lig,Rep_1,0.35,0.35,335.40,6934.30,31.2,1520.81, 3650526
2026-04-17T19:59:42.373Z,dccm_data_25.bin,asp294his_lig,Rep_1,0.5,0.5,335.40,600.60,43.3,1398.30, 1482586
2026-04-17T20:00:02.652Z,dccm_data_25.bin,asp294his_lig,Rep_1,0.75,0.75,335.40,273.80,59.2,1432.51, 488014
2026-04-17T20:00:27.069Z,dccm_data_50.bin,asp294his_lig,Rep_1,0.35,0.35,434.50,3975.20,43.2,914.83, 1626140
2026-04-17T20:00:42.995Z,dccm_data_50.bin,asp294his_lig,Rep_1,0.5,0.5,434.50,284.30,58.5,840.91, 732396
2026-04-17T20:01:03.155Z,dccm_data_50.bin,asp294his_lig,Rep_1,0.75,0.75,434.50,152.40,59.6,751.71, 255156
2026-04-17T20:01:25.885Z,dccm_data_100.bin,asp294his_lig,Rep_1,0.35,0.35,82.00,2641.10,55.8,614.55, 825070
2026-04-17T20:01:43.305Z,dccm_data_100.bin,asp294his_lig,Rep_1,0.5,0.5,82.00,142.90,59.7,564.13, 379380
2026-04-17T20:02:03.389Z,dccm_data_100.bin,asp294his_lig,Rep_1,0.75,0.75,82.00,82.10,59.8,500.40, 136270
2026-04-17T20:02:25.454Z,dccm_data_200.bin,asp294his_lig,Rep_1,0.35,0.35,60.70,2000.50,57.1,432.89, 446666
2026-04-17T20:02:43.467Z,dccm_data_200.bin,asp294his_lig,Rep_1,0.5,0.5,60.70,74.30,59.9,425.51, 203730
2026-04-17T20:03:03.515Z,dccm_data_200.bin,asp294his_lig,Rep_1,0.75,0.75,60.70,46.30,60.0,383.50, 73384
2026-04-17T20:03:25.257Z,dccm_data_400.bin,asp294his_lig,Rep_1,0.35,0.35,29.60,1708.90,57.1,334.45, 251566
2026-04-17T20:03:43.555Z,dccm_data_400.bin,asp294his_lig,Rep_1,0.5,0.5,29.60,37.00,60.0,358.52, 110752
2026-04-17T20:04:03.580Z,dccm_data_400.bin,asp294his_lig,Rep_1,0.75,0.75,29.60,24.20,60.0,339.48, 40084
2026-04-17T20:04:25.198Z,dccm_data_800.bin,asp294his_lig,Rep_1,0.35,0.35,23.70,1591.70,57.4,333.71, 132020
2026-04-17T20:04:43.606Z,dccm_data_800.bin,asp294his_lig,Rep_1,0.5,0.5,23.70,23.20,60.0,310.48, 57686
2026-04-17T20:05:03.620Z,dccm_data_800.bin,asp294his_lig,Rep_1,0.75,0.75,23.70,14.40,60.0,315.01, 21060
2026-04-17T20:05:25.161Z,dccm_data_1600.bin,asp294his_lig,Rep_1,0.35,0.35,16.50,1521.30,57.6,310.80, 84658
2026-04-17T20:05:43.640Z,dccm_data_1600.bin,asp294his_lig,Rep_1,0.5,0.5,16.50,16.60,60.0,286.24, 36034
2026-04-17T20:06:03.650Z,dccm_data_1600.bin,asp294his_lig,Rep_1,0.75,0.75,16.50,8.90,60.0,296.97, 12052
2026-04-17T20:06:31.237Z,dccm_data_25.bin,asp294his_lig,Rep_2,0.35,0.35,329.70,7254.70,25.2,1539.09, 4052608
2026-04-17T20:06:44.385Z,dccm_data_25.bin,asp294his_lig,Rep_2,0.5,0.5,329.70,621.10,43.1,1432.48, 1571198
2026-04-17T20:07:04.663Z,dccm_data_25.bin,asp294his_lig,Rep_2,0.75,0.75,329.70,277.60,59.1,1476.52, 469014
2026-04-17T20:07:28.999Z,dccm_data_50.bin,asp294his_lig,Rep_2,0.35,0.35,346.20,3980.40,36.7,969.49, 1839046
2026-04-17T20:07:45.002Z,dccm_data_50.bin,asp294his_lig,Rep_2,0.5,0.5,346.20,281.40,57.8,877.10, 782938
2026-04-17T20:08:05.172Z,dccm_data_50.bin,asp294his_lig,Rep_2,0.75,0.75,346.20,148.00,59.6,749.42, 244692
2026-04-17T20:08:28.022Z,dccm_data_100.bin,asp294his_lig,Rep_2,0.35,0.35,167.80,2677.50,51.9,571.17, 954972
2026-04-17T20:08:45.330Z,dccm_data_100.bin,asp294his_lig,Rep_2,0.5,0.5,167.80,150.30,59.7,556.96, 418036
2026-04-17T20:09:05.405Z,dccm_data_100.bin,asp294his_lig,Rep_2,0.75,0.75,167.80,74.80,59.9,527.40, 130064
2026-04-17T20:09:27.657Z,dccm_data_200.bin,asp294his_lig,Rep_2,0.35,0.35,129.60,2118.60,57.0,446.69, 513072
2026-04-17T20:09:45.493Z,dccm_data_200.bin,asp294his_lig,Rep_2,0.5,0.5,129.60,84.00,59.8,430.84, 227032
2026-04-17T20:10:05.537Z,dccm_data_200.bin,asp294his_lig,Rep_2,0.75,0.75,129.60,43.30,60.0,384.10, 70574
2026-04-17T20:10:27.381Z,dccm_data_400.bin,asp294his_lig,Rep_2,0.35,0.35,58.00,1783.70,56.9,381.75, 304374
2026-04-17T20:10:45.589Z,dccm_data_400.bin,asp294his_lig,Rep_2,0.5,0.5,58.00,49.30,59.9,350.77, 136380
2026-04-17T20:11:05.614Z,dccm_data_400.bin,asp294his_lig,Rep_2,0.75,0.75,58.00,23.90,60.0,336.67, 39820
2026-04-17T20:11:27.266Z,dccm_data_800.bin,asp294his_lig,Rep_2,0.35,0.35,25.70,1623.60,57.4,328.08, 169952
2026-04-17T20:11:45.644Z,dccm_data_800.bin,asp294his_lig,Rep_2,0.5,0.5,25.70,27.40,60.0,317.23, 79116
2026-04-17T20:12:05.658Z,dccm_data_800.bin,asp294his_lig,Rep_2,0.75,0.75,25.70,13.40,60.0,315.37, 21444
2026-04-17T20:12:27.172Z,dccm_data_1600.bin,asp294his_lig,Rep_2,0.35,0.35,13.50,1497.00,57.5,315.76, 97898
2026-04-17T20:12:45.682Z,dccm_data_1600.bin,asp294his_lig,Rep_2,0.5,0.5,13.50,19.90,60.0,288.95, 44074
2026-04-17T20:13:05.692Z,dccm_data_1600.bin,asp294his_lig,Rep_2,0.75,0.75,13.50,9.50,60.0,295.80, 12360
2026-04-17T20:13:33.750Z,dccm_data_25.bin,asp294his_lig,Rep_3,0.35,0.35,289.40,7766.20,17.6,1587.39, 5113124
2026-04-17T20:13:46.515Z,dccm_data_25.bin,asp294his_lig,Rep_3,0.5,0.5,289.40,781.40,37.1,1588.37, 2164804
2026-04-17T20:14:06.963Z,dccm_data_25.bin,asp294his_lig,Rep_3,0.75,0.75,289.40,364.70,58.3,1331.65, 632428
2026-04-17T20:14:32.085Z,dccm_data_50.bin,asp294his_lig,Rep_3,0.35,0.35,557.70,4552.50,27.6,982.38, 2616374
2026-04-17T20:14:47.456Z,dccm_data_50.bin,asp294his_lig,Rep_3,0.5,0.5,557.70,423.30,46.4,987.99, 1226176
2026-04-17T20:15:07.640Z,dccm_data_50.bin,asp294his_lig,Rep_3,0.75,0.75,557.70,176.00,59.6,796.56, 367636
2026-04-17T20:15:30.821Z,dccm_data_100.bin,asp294his_lig,Rep_3,0.35,0.35,179.90,2996.30,42.9,683.39, 1389202
2026-04-17T20:15:47.905Z,dccm_data_100.bin,asp294his_lig,Rep_3,0.5,0.5,179.90,227.00,58.6,637.55, 690572
2026-04-17T20:16:08.012Z,dccm_data_100.bin,asp294his_lig,Rep_3,0.75,0.75,179.90,98.20,59.8,545.04, 212258
2026-04-17T20:16:30.410Z,dccm_data_200.bin,asp294his_lig,Rep_3,0.35,0.35,162.60,2232.00,56.9,466.16, 731352
2026-04-17T20:16:48.150Z,dccm_data_200.bin,asp294his_lig,Rep_3,0.5,0.5,162.60,121.40,59.7,445.57, 380966
2026-04-17T20:17:08.214Z,dccm_data_200.bin,asp294his_lig,Rep_3,0.75,0.75,162.60,59.10,59.9,410.43, 129760
2026-04-17T20:17:30.075Z,dccm_data_400.bin,asp294his_lig,Rep_3,0.35,0.35,59.50,1796.50,56.7,361.85, 413162
2026-04-17T20:17:48.289Z,dccm_data_400.bin,asp294his_lig,Rep_3,0.5,0.5,59.50,68.30,59.8,385.55, 226242
2026-04-17T20:18:08.327Z,dccm_data_400.bin,asp294his_lig,Rep_3,0.75,0.75,59.50,36.80,60.0,364.71, 87258
2026-04-17T20:18:29.918Z,dccm_data_800.bin,asp294his_lig,Rep_3,0.35,0.35,16.90,1569.50,57.5,353.97, 211784
2026-04-17T20:18:48.370Z,dccm_data_800.bin,asp294his_lig,Rep_3,0.5,0.5,16.90,37.30,60.0,333.72, 113838
2026-04-17T20:19:08.391Z,dccm_data_800.bin,asp294his_lig,Rep_3,0.75,0.75,16.90,21.40,60.0,312.42, 41780
2026-04-17T20:19:29.979Z,dccm_data_1600.bin,asp294his_lig,Rep_3,0.35,0.35,18.90,1564.70,57.5,299.74, 137612
2026-04-17T20:19:48.425Z,dccm_data_1600.bin,asp294his_lig,Rep_3,0.5,0.5,18.90,30.10,60.0,304.35, 78424
2026-04-17T20:20:08.443Z,dccm_data_1600.bin,asp294his_lig,Rep_3,0.75,0.75,18.90,17.50,60.0,284.84, 30432
2026-04-17T20:20:36.716Z,dccm_data_25.bin,asp294his_lig,Rep_4,0.35,0.35,1042.00,7227.90,29.1,1641.98, 4107134
2026-04-17T20:20:49.108Z,dccm_data_25.bin,asp294his_lig,Rep_4,0.5,0.5,1042.00,617.30,41.9,1391.36, 1640428
2026-04-17T20:21:09.493Z,dccm_data_25.bin,asp294his_lig,Rep_4,0.75,0.75,1042.00,337.00,58.2,1272.51, 535474
2026-04-17T20:21:34.082Z,dccm_data_50.bin,asp294his_lig,Rep_4,0.35,0.35,504.80,4070.50,38.9,851.26, 1846234
2026-04-17T20:21:49.799Z,dccm_data_50.bin,asp294his_lig,Rep_4,0.5,0.5,504.80,286.70,57.6,911.85, 803862
2026-04-17T20:22:09.973Z,dccm_data_50.bin,asp294his_lig,Rep_4,0.75,0.75,504.80,160.90,59.6,759.17, 280202
2026-04-17T20:22:32.858Z,dccm_data_100.bin,asp294his_lig,Rep_4,0.35,0.35,245.70,2632.40,52.2,633.70, 943932
2026-04-17T20:22:50.152Z,dccm_data_100.bin,asp294his_lig,Rep_4,0.5,0.5,245.70,151.50,59.4,567.66, 419748
2026-04-17T20:23:10.241Z,dccm_data_100.bin,asp294his_lig,Rep_4,0.75,0.75,245.70,83.90,59.8,507.93, 150802
2026-04-17T20:23:32.379Z,dccm_data_200.bin,asp294his_lig,Rep_4,0.35,0.35,118.40,2016.10,57.0,446.92, 495314
2026-04-17T20:23:50.327Z,dccm_data_200.bin,asp294his_lig,Rep_4,0.5,0.5,118.40,81.60,59.8,409.03, 224372
2026-04-17T20:24:10.372Z,dccm_data_200.bin,asp294his_lig,Rep_4,0.75,0.75,118.40,45.20,60.0,387.71, 81856
2026-04-17T20:24:32.205Z,dccm_data_400.bin,asp294his_lig,Rep_4,0.35,0.35,59.70,1770.70,57.0,360.89, 281188
2026-04-17T20:24:50.420Z,dccm_data_400.bin,asp294his_lig,Rep_4,0.5,0.5,59.70,44.80,59.9,348.83, 124546
2026-04-17T20:25:10.446Z,dccm_data_400.bin,asp294his_lig,Rep_4,0.75,0.75,59.70,25.40,60.0,336.82, 45296
2026-04-17T20:25:32.075Z,dccm_data_800.bin,asp294his_lig,Rep_4,0.35,0.35,25.60,1600.20,57.3,329.39, 135738
2026-04-17T20:25:50.471Z,dccm_data_800.bin,asp294his_lig,Rep_4,0.5,0.5,25.60,22.40,60.0,307.67, 62406
2026-04-17T20:26:10.485Z,dccm_data_800.bin,asp294his_lig,Rep_4,0.75,0.75,25.60,13.40,60.0,308.64, 23718
2026-04-17T20:26:32.022Z,dccm_data_1600.bin,asp294his_lig,Rep_4,0.35,0.35,18.50,1515.70,57.6,320.84, 70560
2026-04-17T20:26:50.504Z,dccm_data_1600.bin,asp294his_lig,Rep_4,0.5,0.5,18.50,15.70,60.0,284.10, 32542
2026-04-17T20:27:10.522Z,dccm_data_1600.bin,asp294his_lig,Rep_4,0.75,0.75,18.50,17.60,60.0,295.52, 13012
2026-04-17T20:27:38.306Z,dccm_data_25.bin,asp294his_lig,Rep_5,0.35,0.35,672.00,7109.80,30.3,1602.95, 4030992
2026-04-17T20:27:51.154Z,dccm_data_25.bin,asp294his_lig,Rep_5,0.5,0.5,672.00,570.70,42.1,1513.79, 1611106
2026-04-17T20:28:11.534Z,dccm_data_25.bin,asp294his_lig,Rep_5,0.75,0.75,672.00,326.80,58.2,1264.32, 511432
2026-04-17T20:28:35.999Z,dccm_data_50.bin,asp294his_lig,Rep_5,0.35,0.35,433.40,4024.20,40.1,879.69, 1898044
2026-04-17T20:28:51.840Z,dccm_data_50.bin,asp294his_lig,Rep_5,0.5,0.5,433.40,291.60,56.9,862.15, 825612
2026-04-17T20:29:12.021Z,dccm_data_50.bin,asp294his_lig,Rep_5,0.75,0.75,433.40,154.50,59.5,757.40, 270494
2026-04-17T20:29:34.982Z,dccm_data_100.bin,asp294his_lig,Rep_5,0.35,0.35,184.90,2767.00,49.9,598.19, 1011660
2026-04-17T20:29:52.220Z,dccm_data_100.bin,asp294his_lig,Rep_5,0.5,0.5,184.90,154.90,59.1,574.07, 444010
2026-04-17T20:30:12.306Z,dccm_data_100.bin,asp294his_lig,Rep_5,0.75,0.75,184.90,84.50,59.9,508.90, 146542
2026-04-17T20:30:34.565Z,dccm_data_200.bin,asp294his_lig,Rep_5,0.35,0.35,160.50,2095.50,57.0,430.77, 546468
2026-04-17T20:30:52.392Z,dccm_data_200.bin,asp294his_lig,Rep_5,0.5,0.5,160.50,82.30,59.8,436.97, 242818
2026-04-17T20:31:12.437Z,dccm_data_200.bin,asp294his_lig,Rep_5,0.75,0.75,160.50,45.00,60.0,388.73, 80036
2026-04-17T20:31:34.277Z,dccm_data_400.bin,asp294his_lig,Rep_5,0.35,0.35,61.40,1775.50,56.8,390.47, 316488
2026-04-17T20:31:52.489Z,dccm_data_400.bin,asp294his_lig,Rep_5,0.5,0.5,61.40,48.60,59.9,356.15, 140836
2026-04-17T20:32:12.515Z,dccm_data_400.bin,asp294his_lig,Rep_5,0.75,0.75,61.40,25.70,60.0,340.02, 45590
2026-04-17T20:32:34.085Z,dccm_data_800.bin,asp294his_lig,Rep_5,0.35,0.35,17.10,1549.70,57.4,327.60, 149056
2026-04-17T20:32:52.543Z,dccm_data_800.bin,asp294his_lig,Rep_5,0.5,0.5,17.10,24.60,60.0,314.67, 65854
2026-04-17T20:33:12.559Z,dccm_data_800.bin,asp294his_lig,Rep_5,0.75,0.75,17.10,15.00,60.0,315.78, 22970
2026-04-17T20:33:34.057Z,dccm_data_1600.bin,asp294his_lig,Rep_5,0.35,0.35,13.40,1482.20,57.6,301.73, 106318
2026-04-17T20:33:52.582Z,dccm_data_1600.bin,asp294his_lig,Rep_5,0.5,0.5,13.40,20.30,60.0,291.39, 48134
2026-04-17T20:34:12.591Z,dccm_data_1600.bin,asp294his_lig,Rep_5,0.75,0.75,13.40,8.50,60.0,295.71, 14264
2026-04-17T20:34:40.796Z,dccm_data_25.bin,asp84glu,Rep_1,0.35,0.35,960.00,7243.20,30.7,1628.29, 4113134
2026-04-17T20:34:53.358Z,dccm_data_25.bin,asp84glu,Rep_1,0.5,0.5,960.00,654.10,41.1,1380.97, 1671294
2026-04-17T20:35:13.716Z,dccm_data_25.bin,asp84glu,Rep_1,0.75,0.75,960.00,352.80,58.8,1277.62, 535690
2026-04-17T20:35:38.216Z,dccm_data_50.bin,asp84glu,Rep_1,0.35,0.35,345.60,4147.60,40.5,845.48, 1917184
2026-04-17T20:35:54.066Z,dccm_data_50.bin,asp84glu,Rep_1,0.5,0.5,345.60,304.00,55.3,912.92, 853896
2026-04-17T20:36:14.256Z,dccm_data_50.bin,asp84glu,Rep_1,0.75,0.75,345.60,157.10,59.4,818.07, 283390
2026-04-17T20:36:37.197Z,dccm_data_100.bin,asp84glu,Rep_1,0.35,0.35,178.90,2755.80,50.4,618.29, 992126
2026-04-17T20:36:54.419Z,dccm_data_100.bin,asp84glu,Rep_1,0.5,0.5,178.90,156.10,59.4,568.17, 451920
2026-04-17T20:37:14.505Z,dccm_data_100.bin,asp84glu,Rep_1,0.75,0.75,178.90,83.60,59.9,511.45, 152244
2026-04-17T20:37:36.698Z,dccm_data_200.bin,asp84glu,Rep_1,0.35,0.35,135.60,2053.90,57.0,455.11, 533844
2026-04-17T20:37:54.592Z,dccm_data_200.bin,asp84glu,Rep_1,0.5,0.5,135.60,82.70,59.8,440.99, 250918
2026-04-17T20:38:14.640Z,dccm_data_200.bin,asp84glu,Rep_1,0.75,0.75,135.60,47.30,60.0,390.59, 84748
2026-04-17T20:38:36.449Z,dccm_data_400.bin,asp84glu,Rep_1,0.35,0.35,54.30,1751.70,57.0,381.94, 328170
2026-04-17T20:38:54.694Z,dccm_data_400.bin,asp84glu,Rep_1,0.5,0.5,54.30,51.10,59.9,358.64, 147422
2026-04-17T20:39:14.723Z,dccm_data_400.bin,asp84glu,Rep_1,0.75,0.75,54.30,25.30,60.0,342.82, 47600
2026-04-17T20:39:36.368Z,dccm_data_800.bin,asp84glu,Rep_1,0.35,0.35,23.60,1618.50,57.3,333.54, 159110
2026-04-17T20:39:54.756Z,dccm_data_800.bin,asp84glu,Rep_1,0.5,0.5,23.60,26.70,60.0,316.66, 72588
2026-04-17T20:40:14.771Z,dccm_data_800.bin,asp84glu,Rep_1,0.75,0.75,23.60,15.50,60.0,309.72, 24670
2026-04-17T20:40:36.324Z,dccm_data_1600.bin,asp84glu,Rep_1,0.35,0.35,13.60,1535.60,57.5,317.49, 86028
2026-04-17T20:40:54.791Z,dccm_data_1600.bin,asp84glu,Rep_1,0.5,0.5,13.60,15.10,60.0,285.80, 38780
2026-04-17T20:41:14.798Z,dccm_data_1600.bin,asp84glu,Rep_1,0.75,0.75,13.60,7.30,60.0,297.15, 13392
2026-04-17T20:41:44.367Z,dccm_data_25.bin,asp84glu,Rep_2,0.35,0.35,963.40,8602.30,13.3,1718.01, 6279600
2026-04-17T20:41:55.878Z,dccm_data_25.bin,asp84glu,Rep_2,0.5,0.5,963.40,955.10,29.1,1787.15, 2878210
2026-04-17T20:42:16.320Z,dccm_data_25.bin,asp84glu,Rep_2,0.75,0.75,963.40,414.50,55.8,1247.97, 785676
2026-04-17T20:42:41.534Z,dccm_data_50.bin,asp84glu,Rep_2,0.35,0.35,344.40,4830.90,20.9,1086.35, 3269760
2026-04-17T20:42:57.002Z,dccm_data_50.bin,asp84glu,Rep_2,0.5,0.5,344.40,533.80,36.0,967.44, 1658112
2026-04-17T20:43:17.244Z,dccm_data_50.bin,asp84glu,Rep_2,0.75,0.75,344.40,216.80,58.4,751.68, 484226
2026-04-17T20:43:40.631Z,dccm_data_100.bin,asp84glu,Rep_2,0.35,0.35,178.00,3204.60,34.3,654.75, 1731434
2026-04-17T20:43:57.554Z,dccm_data_100.bin,asp84glu,Rep_2,0.5,0.5,178.00,286.40,55.2,620.32, 913606
2026-04-17T20:44:17.692Z,dccm_data_100.bin,asp84glu,Rep_2,0.75,0.75,178.00,113.00,59.6,563.65, 278320
2026-04-17T20:44:40.185Z,dccm_data_200.bin,asp84glu,Rep_2,0.35,0.35,153.10,2336.70,52.8,504.65, 931850
2026-04-17T20:44:57.863Z,dccm_data_200.bin,asp84glu,Rep_2,0.5,0.5,153.10,156.90,59.5,468.82, 494476
2026-04-17T20:45:17.938Z,dccm_data_200.bin,asp84glu,Rep_2,0.75,0.75,153.10,65.80,59.9,429.16, 155888
2026-04-17T20:45:39.934Z,dccm_data_400.bin,asp84glu,Rep_2,0.35,0.35,73.30,1919.20,56.5,426.76, 514662
2026-04-17T20:45:58.033Z,dccm_data_400.bin,asp84glu,Rep_2,0.5,0.5,73.30,91.40,59.8,376.24, 278400
2026-04-17T20:46:18.072Z,dccm_data_400.bin,asp84glu,Rep_2,0.75,0.75,73.30,38.70,60.0,336.63, 88374
2026-04-17T20:46:39.775Z,dccm_data_800.bin,asp84glu,Rep_2,0.35,0.35,27.60,1672.70,57.2,367.81, 286412
2026-04-17T20:46:58.130Z,dccm_data_800.bin,asp84glu,Rep_2,0.5,0.5,27.60,48.60,60.0,349.79, 153252
2026-04-17T20:47:18.150Z,dccm_data_800.bin,asp84glu,Rep_2,0.75,0.75,27.60,19.80,60.0,297.15, 48088
2026-04-17T20:47:39.692Z,dccm_data_1600.bin,asp84glu,Rep_2,0.35,0.35,10.60,1528.20,57.4,346.15, 166898
2026-04-17T20:47:58.182Z,dccm_data_1600.bin,asp84glu,Rep_2,0.5,0.5,10.60,28.60,60.0,307.77, 93876
2026-04-17T20:48:18.198Z,dccm_data_1600.bin,asp84glu,Rep_2,0.75,0.75,10.60,15.50,60.0,309.66, 32832
2026-04-17T20:48:46.152Z,dccm_data_25.bin,asp84glu,Rep_3,0.35,0.35,658.40,7292.40,26.0,1616.50, 4176416
2026-04-17T20:48:58.890Z,dccm_data_25.bin,asp84glu,Rep_3,0.5,0.5,658.40,658.70,42.0,1437.71, 1677736
2026-04-17T20:49:19.250Z,dccm_data_25.bin,asp84glu,Rep_3,0.75,0.75,658.40,296.50,58.0,1288.13, 516552
2026-04-17T20:49:43.982Z,dccm_data_50.bin,asp84glu,Rep_3,0.35,0.35,516.90,4205.40,36.3,845.03, 1916128
2026-04-17T20:49:59.555Z,dccm_data_50.bin,asp84glu,Rep_3,0.5,0.5,516.90,294.30,56.5,885.23, 838444
2026-04-17T20:50:19.714Z,dccm_data_50.bin,asp84glu,Rep_3,0.75,0.75,516.90,155.50,59.6,757.90, 272804
2026-04-17T20:50:42.700Z,dccm_data_100.bin,asp84glu,Rep_3,0.35,0.35,237.70,2743.30,51.5,616.72, 975924
2026-04-17T20:50:59.883Z,dccm_data_100.bin,asp84glu,Rep_3,0.5,0.5,237.70,160.00,59.3,564.36, 438340
2026-04-17T20:51:19.965Z,dccm_data_100.bin,asp84glu,Rep_3,0.75,0.75,237.70,81.60,59.8,509.16, 147556
2026-04-17T20:51:42.251Z,dccm_data_200.bin,asp84glu,Rep_3,0.35,0.35,177.10,2104.20,57.0,433.26, 546788
2026-04-17T20:52:00.058Z,dccm_data_200.bin,asp84glu,Rep_3,0.5,0.5,177.10,84.40,59.8,457.50, 246544
2026-04-17T20:52:20.104Z,dccm_data_200.bin,asp84glu,Rep_3,0.75,0.75,177.10,45.80,60.0,389.47, 81984
2026-04-17T20:52:41.884Z,dccm_data_400.bin,asp84glu,Rep_3,0.35,0.35,53.40,1722.90,56.7,373.34, 316410
2026-04-17T20:53:00.155Z,dccm_data_400.bin,asp84glu,Rep_3,0.5,0.5,53.40,47.70,59.9,367.76, 138440
2026-04-17T20:53:20.182Z,dccm_data_400.bin,asp84glu,Rep_3,0.75,0.75,53.40,26.70,60.0,343.71, 45204
2026-04-17T20:53:41.843Z,dccm_data_800.bin,asp84glu,Rep_3,0.35,0.35,23.00,1634.80,57.3,321.58, 168790
2026-04-17T20:54:00.212Z,dccm_data_800.bin,asp84glu,Rep_3,0.5,0.5,23.00,26.00,60.0,317.32, 74898
2026-04-17T20:54:20.227Z,dccm_data_800.bin,asp84glu,Rep_3,0.75,0.75,23.00,15.10,59.9,292.21, 24438
2026-04-17T20:54:41.837Z,dccm_data_1600.bin,asp84glu,Rep_3,0.35,0.35,29.90,1573.40,56.3,341.04, 99184
2026-04-17T20:55:00.253Z,dccm_data_1600.bin,asp84glu,Rep_3,0.5,0.5,29.90,18.80,59.7,306.72, 43638
2026-04-17T20:55:20.261Z,dccm_data_1600.bin,asp84glu,Rep_3,0.75,0.75,29.90,7.80,60.0,293.33, 14020
2026-04-17T20:55:48.191Z,dccm_data_25.bin,asp84glu,Rep_4,0.35,0.35,943.70,6983.40,34.5,1518.05, 3715330
2026-04-17T20:56:00.913Z,dccm_data_25.bin,asp84glu,Rep_4,0.5,0.5,943.70,648.50,51.2,1316.63, 1550540
2026-04-17T20:56:21.208Z,dccm_data_25.bin,asp84glu,Rep_4,0.75,0.75,943.70,295.30,59.2,1368.80, 527934
2026-04-17T20:56:45.722Z,dccm_data_50.bin,asp84glu,Rep_4,0.35,0.35,513.50,3983.40,53.9,933.42, 1634312
2026-04-17T20:57:01.496Z,dccm_data_50.bin,asp84glu,Rep_4,0.5,0.5,513.50,270.40,59.2,860.19, 761082
2026-04-17T20:57:21.651Z,dccm_data_50.bin,asp84glu,Rep_4,0.75,0.75,513.50,155.20,59.6,758.60, 275428
2026-04-17T20:57:44.508Z,dccm_data_100.bin,asp84glu,Rep_4,0.35,0.35,245.00,2606.70,56.0,606.59, 845376
2026-04-17T20:58:01.802Z,dccm_data_100.bin,asp84glu,Rep_4,0.5,0.5,245.00,144.70,59.7,553.18, 402194
2026-04-17T20:58:21.888Z,dccm_data_100.bin,asp84glu,Rep_4,0.75,0.75,245.00,86.40,59.9,506.76, 148524
2026-04-17T20:58:44.111Z,dccm_data_200.bin,asp84glu,Rep_4,0.35,0.35,122.20,2096.80,57.0,420.31, 457350
2026-04-17T20:59:01.969Z,dccm_data_200.bin,asp84glu,Rep_4,0.5,0.5,122.20,76.80,59.9,424.89, 220064
2026-04-17T20:59:22.014Z,dccm_data_200.bin,asp84glu,Rep_4,0.75,0.75,122.20,45.30,60.0,385.11, 81116
2026-04-17T20:59:43.901Z,dccm_data_400.bin,asp84glu,Rep_4,0.35,0.35,132.80,1750.80,56.9,358.58, 248234
2026-04-17T21:00:02.060Z,dccm_data_400.bin,asp84glu,Rep_4,0.5,0.5,132.80,42.70,60.0,347.25, 118394
2026-04-17T21:00:22.084Z,dccm_data_400.bin,asp84glu,Rep_4,0.75,0.75,132.80,23.70,60.0,337.00, 44022
2026-04-17T21:00:43.690Z,dccm_data_800.bin,asp84glu,Rep_4,0.35,0.35,24.00,1578.70,57.3,325.06, 113036
2026-04-17T21:01:02.110Z,dccm_data_800.bin,asp84glu,Rep_4,0.5,0.5,24.00,22.90,60.0,308.57, 55980
2026-04-17T21:01:22.125Z,dccm_data_800.bin,asp84glu,Rep_4,0.75,0.75,24.00,14.30,60.0,314.57, 22034
2026-04-17T21:01:43.655Z,dccm_data_1600.bin,asp84glu,Rep_4,0.35,0.35,16.80,1511.60,57.6,328.20, 68546
2026-04-17T21:02:02.140Z,dccm_data_1600.bin,asp84glu,Rep_4,0.5,0.5,16.80,13.10,60.0,282.88, 31470
2026-04-17T21:02:22.149Z,dccm_data_1600.bin,asp84glu,Rep_4,0.75,0.75,16.80,7.70,60.0,294.77, 12088
2026-04-17T21:02:50.583Z,dccm_data_25.bin,asp84glu,Rep_5,0.35,0.35,608.70,7823.50,36.3,1591.84, 5204804
2026-04-17T21:03:02.960Z,dccm_data_25.bin,asp84glu,Rep_5,0.5,0.5,608.70,804.70,48.6,1572.33, 2217736
2026-04-17T21:03:23.359Z,dccm_data_25.bin,asp84glu,Rep_5,0.75,0.75,608.70,339.10,58.3,1323.70, 667358
2026-04-17T21:03:48.368Z,dccm_data_50.bin,asp84glu,Rep_5,0.35,0.35,495.00,4507.10,51.8,956.50, 2551748
2026-04-17T21:04:03.769Z,dccm_data_50.bin,asp84glu,Rep_5,0.5,0.5,495.00,402.50,59.0,862.00, 1178822
2026-04-17T21:04:23.944Z,dccm_data_50.bin,asp84glu,Rep_5,0.75,0.75,495.00,173.80,59.5,887.03, 357758
2026-04-17T21:04:47.161Z,dccm_data_100.bin,asp84glu,Rep_5,0.35,0.35,245.90,2966.60,58.7,632.09, 1335990
2026-04-17T21:05:04.168Z,dccm_data_100.bin,asp84glu,Rep_5,0.5,0.5,245.90,218.90,59.4,599.20, 642808
2026-04-17T21:05:24.263Z,dccm_data_100.bin,asp84glu,Rep_5,0.75,0.75,245.90,94.80,59.8,541.18, 204002
2026-04-17T21:05:46.675Z,dccm_data_200.bin,asp84glu,Rep_5,0.35,0.35,170.40,2236.00,56.8,469.71, 765972
2026-04-17T21:06:04.394Z,dccm_data_200.bin,asp84glu,Rep_5,0.5,0.5,170.40,125.10,59.7,446.17, 381326
2026-04-17T21:06:24.453Z,dccm_data_200.bin,asp84glu,Rep_5,0.75,0.75,170.40,58.70,59.9,412.74, 125936
2026-04-17T21:06:46.383Z,dccm_data_400.bin,asp84glu,Rep_5,0.35,0.35,58.00,1869.00,56.5,413.50, 447028
2026-04-17T21:07:04.534Z,dccm_data_400.bin,asp84glu,Rep_5,0.5,0.5,58.00,77.90,59.9,359.57, 230812
2026-04-17T21:07:24.570Z,dccm_data_400.bin,asp84glu,Rep_5,0.75,0.75,58.00,35.00,60.0,363.38, 75914
2026-04-17T21:07:46.191Z,dccm_data_800.bin,asp84glu,Rep_5,0.35,0.35,16.70,1601.80,57.3,342.93, 249998
2026-04-17T21:08:04.613Z,dccm_data_800.bin,asp84glu,Rep_5,0.5,0.5,16.70,40.30,60.0,339.83, 128158
2026-04-17T21:08:24.631Z,dccm_data_800.bin,asp84glu,Rep_5,0.75,0.75,16.70,17.40,60.0,310.74, 39308
2026-04-17T21:08:46.224Z,dccm_data_1600.bin,asp84glu,Rep_5,0.35,0.35,16.80,1573.10,57.5,301.73, 139098
2026-04-17T21:09:04.657Z,dccm_data_1600.bin,asp84glu,Rep_5,0.5,0.5,16.80,23.00,60.0,299.33, 70066
2026-04-17T21:09:24.669Z,dccm_data_1600.bin,asp84glu,Rep_5,0.75,0.75,16.80,11.50,60.0,307.20, 21550
2026-04-17T21:09:52.593Z,dccm_data_25.bin,asp84glu_lig,Rep_1,0.35,0.35,980.10,6940.50,40.2,1475.39, 3522602
2026-04-17T21:10:05.311Z,dccm_data_25.bin,asp84glu_lig,Rep_1,0.5,0.5,980.10,535.40,51.6,1459.04, 1452060
2026-04-17T21:10:25.627Z,dccm_data_25.bin,asp84glu_lig,Rep_1,0.75,0.75,980.10,286.80,58.5,1260.76, 469724
2026-04-17T21:10:50.183Z,dccm_data_50.bin,asp84glu_lig,Rep_1,0.35,0.35,549.50,3996.00,53.0,930.29, 1605110
2026-04-17T21:11:05.913Z,dccm_data_50.bin,asp84glu_lig,Rep_1,0.5,0.5,549.50,274.90,59.3,849.04, 726686
2026-04-17T21:11:26.064Z,dccm_data_50.bin,asp84glu_lig,Rep_1,0.75,0.75,549.50,151.30,59.6,753.80, 246426
2026-04-17T21:11:48.990Z,dccm_data_100.bin,asp84glu_lig,Rep_1,0.35,0.35,250.10,2669.70,56.2,612.10, 807664
2026-04-17T21:12:06.215Z,dccm_data_100.bin,asp84glu_lig,Rep_1,0.5,0.5,250.10,144.90,59.7,564.65, 378094
2026-04-17T21:12:26.297Z,dccm_data_100.bin,asp84glu_lig,Rep_1,0.75,0.75,250.10,80.10,59.9,499.62, 131176
2026-04-17T21:12:48.423Z,dccm_data_200.bin,asp84glu_lig,Rep_1,0.35,0.35,139.20,1981.20,57.0,450.03, 412104
2026-04-17T21:13:06.377Z,dccm_data_200.bin,asp84glu_lig,Rep_1,0.5,0.5,139.20,74.40,59.9,412.79, 195960
2026-04-17T21:13:26.424Z,dccm_data_200.bin,asp84glu_lig,Rep_1,0.75,0.75,139.20,47.20,59.9,382.81, 70354
2026-04-17T21:13:48.231Z,dccm_data_400.bin,asp84glu_lig,Rep_1,0.35,0.35,65.30,1738.70,56.9,348.48, 225978
2026-04-17T21:14:06.471Z,dccm_data_400.bin,asp84glu_lig,Rep_1,0.5,0.5,65.30,43.00,60.0,328.77, 106118
2026-04-17T21:14:26.495Z,dccm_data_400.bin,asp84glu_lig,Rep_1,0.75,0.75,65.30,23.50,60.0,333.33, 38530
2026-04-17T21:14:48.127Z,dccm_data_800.bin,asp84glu_lig,Rep_1,0.35,0.35,23.40,1605.70,57.3,328.72, 134200
2026-04-17T21:15:06.520Z,dccm_data_800.bin,asp84glu_lig,Rep_1,0.5,0.5,23.40,22.20,60.0,310.35, 63364
2026-04-17T21:15:26.535Z,dccm_data_800.bin,asp84glu_lig,Rep_1,0.75,0.75,23.40,14.50,60.0,307.90, 21060
2026-04-17T21:15:48.112Z,dccm_data_1600.bin,asp84glu_lig,Rep_1,0.35,0.35,17.60,1556.70,57.4,298.66, 80816
2026-04-17T21:16:06.551Z,dccm_data_1600.bin,asp84glu_lig,Rep_1,0.5,0.5,17.60,13.00,60.0,292.13, 35940
2026-04-17T21:16:26.557Z,dccm_data_1600.bin,asp84glu_lig,Rep_1,0.75,0.75,17.60,5.70,60.0,300.54, 11580
2026-04-17T21:16:55.390Z,dccm_data_25.bin,asp84glu_lig,Rep_2,0.35,0.35,955.60,7874.20,35.6,1587.65, 5166078
2026-04-17T21:17:07.438Z,dccm_data_25.bin,asp84glu_lig,Rep_2,0.5,0.5,955.60,755.40,46.7,1532.85, 2063138
2026-04-17T21:17:27.757Z,dccm_data_25.bin,asp84glu_lig,Rep_2,0.75,0.75,955.60,317.40,59.2,1308.96, 574236
2026-04-17T21:17:52.680Z,dccm_data_50.bin,asp84glu_lig,Rep_2,0.35,0.35,425.60,4484.30,50.8,973.45, 2669414
2026-04-17T21:18:08.185Z,dccm_data_50.bin,asp84glu_lig,Rep_2,0.5,0.5,425.60,415.50,59.0,962.15, 1158588
2026-04-17T21:18:28.376Z,dccm_data_50.bin,asp84glu_lig,Rep_2,0.75,0.75,425.60,166.00,59.5,802.67, 323942
2026-04-17T21:18:51.752Z,dccm_data_100.bin,asp84glu_lig,Rep_2,0.35,0.35,287.50,3083.40,59.0,643.45, 1505548
2026-04-17T21:19:08.611Z,dccm_data_100.bin,asp84glu_lig,Rep_2,0.5,0.5,287.50,228.30,59.4,618.24, 671020
2026-04-17T21:19:28.701Z,dccm_data_100.bin,asp84glu_lig,Rep_2,0.75,0.75,287.50,88.80,59.8,541.24, 184760
2026-04-17T21:19:51.095Z,dccm_data_200.bin,asp84glu_lig,Rep_2,0.35,0.35,122.40,2268.00,56.5,489.39, 837400
2026-04-17T21:20:08.824Z,dccm_data_200.bin,asp84glu_lig,Rep_2,0.5,0.5,122.40,119.10,59.7,468.11, 382952
2026-04-17T21:20:28.874Z,dccm_data_200.bin,asp84glu_lig,Rep_2,0.75,0.75,122.40,50.30,59.9,408.64, 103480
2026-04-17T21:20:50.826Z,dccm_data_400.bin,asp84glu_lig,Rep_2,0.35,0.35,62.10,1886.40,56.5,409.45, 463710
2026-04-17T21:21:08.950Z,dccm_data_400.bin,asp84glu_lig,Rep_2,0.5,0.5,62.10,72.20,59.9,360.18, 209568
2026-04-17T21:21:28.978Z,dccm_data_400.bin,asp84glu_lig,Rep_2,0.75,0.75,62.10,26.90,60.0,352.40, 57438
2026-04-17T21:21:50.678Z,dccm_data_800.bin,asp84glu_lig,Rep_2,0.35,0.35,24.30,1673.40,57.2,336.87, 260158
2026-04-17T21:22:09.020Z,dccm_data_800.bin,asp84glu_lig,Rep_2,0.5,0.5,24.30,38.80,60.0,341.03, 126688
2026-04-17T21:22:29.037Z,dccm_data_800.bin,asp84glu_lig,Rep_2,0.75,0.75,24.30,16.90,60.0,308.61, 35110
2026-04-17T21:22:50.558Z,dccm_data_1600.bin,asp84glu_lig,Rep_2,0.35,0.35,12.80,1505.40,57.5,302.67, 137832
2026-04-17T21:23:09.063Z,dccm_data_1600.bin,asp84glu_lig,Rep_2,0.5,0.5,12.80,23.20,60.0,299.87, 72342
2026-04-17T21:23:29.076Z,dccm_data_1600.bin,asp84glu_lig,Rep_2,0.75,0.75,12.80,11.90,60.0,281.60, 19990
2026-04-17T21:23:58.687Z,dccm_data_25.bin,asp84glu_lig,Rep_3,0.35,0.35,1004.40,8603.60,19.3,1812.78, 6479966
2026-04-17T21:24:10.066Z,dccm_data_25.bin,asp84glu_lig,Rep_3,0.5,0.5,1004.40,987.90,44.1,1820.47, 2867782
2026-04-17T21:24:30.460Z,dccm_data_25.bin,asp84glu_lig,Rep_3,0.75,0.75,1004.40,393.50,58.8,1382.77, 733618
2026-04-17T21:24:55.773Z,dccm_data_50.bin,asp84glu_lig,Rep_3,0.35,0.35,327.50,4971.30,43.7,983.18, 3361720
2026-04-17T21:25:11.056Z,dccm_data_50.bin,asp84glu_lig,Rep_3,0.5,0.5,327.50,513.90,52.2,978.66, 1597240
2026-04-17T21:25:31.242Z,dccm_data_50.bin,asp84glu_lig,Rep_3,0.75,0.75,327.50,185.30,59.5,837.76, 422992
2026-04-17T21:25:54.678Z,dccm_data_100.bin,asp84glu_lig,Rep_3,0.35,0.35,196.20,3233.80,58.1,688.62, 1789686
2026-04-17T21:26:11.523Z,dccm_data_100.bin,asp84glu_lig,Rep_3,0.5,0.5,196.20,272.80,59.2,658.30, 872860
2026-04-17T21:26:31.632Z,dccm_data_100.bin,asp84glu_lig,Rep_3,0.75,0.75,196.20,107.90,59.8,597.04, 237006
2026-04-17T21:26:54.111Z,dccm_data_200.bin,asp84glu_lig,Rep_3,0.35,0.35,119.30,2356.10,56.7,518.27, 983100
2026-04-17T21:27:11.794Z,dccm_data_200.bin,asp84glu_lig,Rep_3,0.5,0.5,119.30,157.50,59.6,481.27, 507682
2026-04-17T21:27:31.853Z,dccm_data_200.bin,asp84glu_lig,Rep_3,0.75,0.75,119.30,59.10,59.9,430.23, 140914
2026-04-17T21:27:53.753Z,dccm_data_400.bin,asp84glu_lig,Rep_3,0.35,0.35,41.90,1854.70,56.6,367.48, 543488
2026-04-17T21:28:11.942Z,dccm_data_400.bin,asp84glu_lig,Rep_3,0.5,0.5,41.90,85.50,59.8,375.85, 285180
2026-04-17T21:28:31.977Z,dccm_data_400.bin,asp84glu_lig,Rep_3,0.75,0.75,41.90,33.50,60.0,366.18, 79494
2026-04-17T21:28:53.740Z,dccm_data_800.bin,asp84glu_lig,Rep_3,0.35,0.35,26.30,1734.10,57.2,355.31, 323460
2026-04-17T21:29:12.033Z,dccm_data_800.bin,asp84glu_lig,Rep_3,0.5,0.5,26.30,53.00,60.0,359.35, 172202
2026-04-17T21:29:32.052Z,dccm_data_800.bin,asp84glu_lig,Rep_3,0.75,0.75,26.30,18.50,60.0,316.40, 46450
2026-04-17T21:29:53.699Z,dccm_data_1600.bin,asp84glu_lig,Rep_3,0.35,0.35,31.00,1613.20,57.4,348.54, 218852
2026-04-17T21:30:12.095Z,dccm_data_1600.bin,asp84glu_lig,Rep_3,0.5,0.5,31.00,40.00,60.0,327.71, 124164
2026-04-17T21:30:32.110Z,dccm_data_1600.bin,asp84glu_lig,Rep_3,0.75,0.75,31.00,15.40,60.0,307.76, 35660
2026-04-17T21:31:01.810Z,dccm_data_25.bin,asp84glu_lig,Rep_4,0.35,0.35,689.80,9007.30,24.8,1722.78, 7034320
2026-04-17T21:31:13.124Z,dccm_data_25.bin,asp84glu_lig,Rep_4,0.5,0.5,689.80,1010.70,43.9,1742.14, 2996792
2026-04-17T21:31:33.601Z,dccm_data_25.bin,asp84glu_lig,Rep_4,0.75,0.75,689.80,412.00,57.7,1382.42, 770718
2026-04-17T21:31:59.296Z,dccm_data_50.bin,asp84glu_lig,Rep_4,0.35,0.35,509.30,5168.50,46.6,980.68, 3622404
2026-04-17T21:32:14.156Z,dccm_data_50.bin,asp84glu_lig,Rep_4,0.5,0.5,509.30,537.00,56.1,975.07, 1614774
2026-04-17T21:32:34.353Z,dccm_data_50.bin,asp84glu_lig,Rep_4,0.75,0.75,509.30,196.30,59.5,821.49, 437618
2026-04-17T21:32:57.734Z,dccm_data_100.bin,asp84glu_lig,Rep_4,0.35,0.35,193.00,3181.50,55.9,709.57, 1906584
2026-04-17T21:33:14.648Z,dccm_data_100.bin,asp84glu_lig,Rep_4,0.5,0.5,193.00,285.80,59.2,609.34, 898748
2026-04-17T21:33:34.752Z,dccm_data_100.bin,asp84glu_lig,Rep_4,0.75,0.75,193.00,103.40,59.8,615.37, 246616
2026-04-17T21:33:57.279Z,dccm_data_200.bin,asp84glu_lig,Rep_4,0.35,0.35,150.60,2372.70,56.3,523.80, 1020966
2026-04-17T21:34:14.913Z,dccm_data_200.bin,asp84glu_lig,Rep_4,0.5,0.5,150.60,157.60,59.6,477.51, 497836
2026-04-17T21:34:34.972Z,dccm_data_200.bin,asp84glu_lig,Rep_4,0.75,0.75,150.60,58.10,60.0,427.45, 136504
2026-04-17T21:34:57.012Z,dccm_data_400.bin,asp84glu_lig,Rep_4,0.35,0.35,69.40,1968.00,56.4,407.53, 578970
2026-04-17T21:35:15.070Z,dccm_data_400.bin,asp84glu_lig,Rep_4,0.5,0.5,69.40,93.50,59.9,382.02, 285824
2026-04-17T21:35:35.103Z,dccm_data_400.bin,asp84glu_lig,Rep_4,0.75,0.75,69.40,32.50,60.0,365.84, 76480
2026-04-17T21:35:56.830Z,dccm_data_800.bin,asp84glu_lig,Rep_4,0.35,0.35,23.90,1699.50,57.2,357.47, 307712
2026-04-17T21:36:15.158Z,dccm_data_800.bin,asp84glu_lig,Rep_4,0.5,0.5,23.90,50.00,60.0,356.48, 155574
2026-04-17T21:36:35.175Z,dccm_data_800.bin,asp84glu_lig,Rep_4,0.75,0.75,23.90,17.40,60.0,314.67, 43012
2026-04-17T21:36:56.768Z,dccm_data_1600.bin,asp84glu_lig,Rep_4,0.35,0.35,17.10,1572.80,57.5,346.11, 156560
2026-04-17T21:37:15.204Z,dccm_data_1600.bin,asp84glu_lig,Rep_4,0.5,0.5,17.10,25.00,60.0,302.55, 79166
2026-04-17T21:37:35.215Z,dccm_data_1600.bin,asp84glu_lig,Rep_4,0.75,0.75,17.10,10.70,60.0,303.26, 22408
2026-04-17T21:38:04.917Z,dccm_data_25.bin,asp84glu_lig,Rep_5,0.35,0.35,823.20,8876.00,23.8,1757.40, 7034320
2026-04-17T21:38:16.309Z,dccm_data_25.bin,asp84glu_lig,Rep_5,0.5,0.5,823.20,961.30,43.7,1791.93, 2996792
2026-04-17T21:38:36.714Z,dccm_data_25.bin,asp84glu_lig,Rep_5,0.75,0.75,823.20,404.20,58.6,1376.63, 770718
2026-04-17T21:39:02.187Z,dccm_data_50.bin,asp84glu_lig,Rep_5,0.35,0.35,330.70,5134.10,47.1,990.49, 3622404
2026-04-17T21:39:17.249Z,dccm_data_50.bin,asp84glu_lig,Rep_5,0.5,0.5,330.70,526.90,56.2,998.44, 1614774
2026-04-17T21:39:37.474Z,dccm_data_50.bin,asp84glu_lig,Rep_5,0.75,0.75,330.70,194.80,59.1,818.21, 437618
2026-04-17T21:40:00.983Z,dccm_data_100.bin,asp84glu_lig,Rep_5,0.35,0.35,183.00,3320.40,58.8,672.07, 1906584
2026-04-17T21:40:17.767Z,dccm_data_100.bin,asp84glu_lig,Rep_5,0.5,0.5,183.00,287.50,59.2,672.13, 898748
2026-04-17T21:40:37.879Z,dccm_data_100.bin,asp84glu_lig,Rep_5,0.75,0.75,183.00,111.30,59.8,605.61, 246616
2026-04-17T21:41:00.423Z,dccm_data_200.bin,asp84glu_lig,Rep_5,0.35,0.35,153.80,2385.70,56.6,502.81, 1020966
2026-04-17T21:41:18.037Z,dccm_data_200.bin,asp84glu_lig,Rep_5,0.5,0.5,153.80,152.60,59.6,480.78, 497836
2026-04-17T21:41:38.094Z,dccm_data_200.bin,asp84glu_lig,Rep_5,0.75,0.75,153.80,56.90,59.9,427.53, 136504
2026-04-17T21:42:00.150Z,dccm_data_400.bin,asp84glu_lig,Rep_5,0.35,0.35,77.40,1975.70,56.5,407.90, 578970
2026-04-17T21:42:18.187Z,dccm_data_400.bin,asp84glu_lig,Rep_5,0.5,0.5,77.40,89.80,59.8,387.35, 285824
2026-04-17T21:42:38.222Z,dccm_data_400.bin,asp84glu_lig,Rep_5,0.75,0.75,77.40,34.20,60.0,365.94, 76480
2026-04-17T21:42:59.872Z,dccm_data_800.bin,asp84glu_lig,Rep_5,0.35,0.35,19.90,1627.40,57.2,362.03, 307712
2026-04-17T21:43:18.275Z,dccm_data_800.bin,asp84glu_lig,Rep_5,0.5,0.5,19.90,50.00,59.9,356.28, 155574
2026-04-17T21:43:38.295Z,dccm_data_800.bin,asp84glu_lig,Rep_5,0.75,0.75,19.90,18.50,60.0,315.73, 43012
2026-04-17T21:43:59.893Z,dccm_data_1600.bin,asp84glu_lig,Rep_5,0.35,0.35,23.80,1572.20,59.5,335.88, 156560
2026-04-17T21:44:18.322Z,dccm_data_1600.bin,asp84glu_lig,Rep_5,0.5,0.5,23.80,24.70,60.0,302.70, 79166
2026-04-17T21:44:38.332Z,dccm_data_1600.bin,asp84glu_lig,Rep_5,0.75,0.75,23.80,9.20,60.0,301.80, 22408
2026-04-17T21:45:07.156Z,dccm_data_25.bin,wt,Rep_1,0.35,0.35,752.90,8068.50,30.1,1552.09, 5372324
2026-04-17T21:45:19.098Z,dccm_data_25.bin,wt,Rep_1,0.5,0.5,752.90,759.20,46.3,1529.69, 2195246
2026-04-17T21:45:39.486Z,dccm_data_25.bin,wt,Rep_1,0.75,0.75,752.90,386.70,59.0,1321.92, 685178
2026-04-17T21:46:04.533Z,dccm_data_50.bin,wt,Rep_1,0.35,0.35,546.50,4482.90,46.7,948.91, 2530282
2026-04-17T21:46:19.946Z,dccm_data_50.bin,wt,Rep_1,0.5,0.5,546.50,406.80,58.0,826.98, 1101352
2026-04-17T21:46:40.120Z,dccm_data_50.bin,wt,Rep_1,0.75,0.75,546.50,172.60,59.5,855.82, 364408
2026-04-17T21:47:03.310Z,dccm_data_100.bin,wt,Rep_1,0.35,0.35,238.60,2947.00,59.0,631.40, 1330456
2026-04-17T21:47:20.318Z,dccm_data_100.bin,wt,Rep_1,0.5,0.5,238.60,192.40,59.5,615.91, 592016
2026-04-17T21:47:40.411Z,dccm_data_100.bin,wt,Rep_1,0.75,0.75,238.60,93.00,59.8,540.73, 199432
2026-04-17T21:48:02.636Z,dccm_data_200.bin,wt,Rep_1,0.35,0.35,96.40,2121.80,57.0,464.63, 699628
2026-04-17T21:48:20.521Z,dccm_data_200.bin,wt,Rep_1,0.5,0.5,96.40,103.50,59.8,445.47, 321172
2026-04-17T21:48:40.574Z,dccm_data_200.bin,wt,Rep_1,0.75,0.75,96.40,52.00,59.9,406.60, 107882
2026-04-17T21:49:02.476Z,dccm_data_400.bin,wt,Rep_1,0.35,0.35,77.40,1820.90,56.9,375.17, 368016
2026-04-17T21:49:20.631Z,dccm_data_400.bin,wt,Rep_1,0.5,0.5,77.40,53.70,60.0,367.97, 168014
2026-04-17T21:49:40.658Z,dccm_data_400.bin,wt,Rep_1,0.75,0.75,77.40,26.10,60.0,350.74, 57624
2026-04-17T21:50:02.313Z,dccm_data_800.bin,wt,Rep_1,0.35,0.35,23.40,1628.40,57.4,348.31, 202334
2026-04-17T21:50:20.694Z,dccm_data_800.bin,wt,Rep_1,0.5,0.5,23.40,32.90,60.0,327.49, 95278
2026-04-17T21:50:40.715Z,dccm_data_800.bin,wt,Rep_1,0.75,0.75,23.40,20.40,60.0,294.88, 31498
2026-04-17T21:51:02.267Z,dccm_data_1600.bin,wt,Rep_1,0.35,0.35,16.10,1533.00,59.4,326.19, 114428
2026-04-17T21:51:20.738Z,dccm_data_1600.bin,wt,Rep_1,0.5,0.5,16.10,19.50,60.0,293.98, 56776
2026-04-17T21:51:40.748Z,dccm_data_1600.bin,wt,Rep_1,0.75,0.75,16.10,10.10,60.0,298.36, 17102
2026-04-17T21:52:09.276Z,dccm_data_25.bin,wt,Rep_2,0.35,0.35,783.20,7741.50,32.0,1722.13, 4878206
2026-04-17T21:52:21.436Z,dccm_data_25.bin,wt,Rep_2,0.5,0.5,783.20,684.80,48.8,1602.92, 2033830
2026-04-17T21:52:41.825Z,dccm_data_25.bin,wt,Rep_2,0.75,0.75,783.20,364.50,58.9,1309.34, 611850
2026-04-17T21:53:06.572Z,dccm_data_50.bin,wt,Rep_2,0.35,0.35,451.60,4284.60,51.3,901.29, 2288628
2026-04-17T21:53:22.185Z,dccm_data_50.bin,wt,Rep_2,0.5,0.5,451.60,348.80,58.9,918.49, 1022672
2026-04-17T21:53:42.351Z,dccm_data_50.bin,wt,Rep_2,0.75,0.75,451.60,165.70,59.6,859.54, 323100
2026-04-17T21:54:05.481Z,dccm_data_100.bin,wt,Rep_2,0.35,0.35,222.80,2901.60,56.1,600.74, 1229708
2026-04-17T21:54:22.540Z,dccm_data_100.bin,wt,Rep_2,0.5,0.5,222.80,183.20,59.5,631.12, 560272
2026-04-17T21:54:42.628Z,dccm_data_100.bin,wt,Rep_2,0.75,0.75,222.80,87.40,59.8,527.85, 174456
2026-04-17T21:55:04.904Z,dccm_data_200.bin,wt,Rep_2,0.35,0.35,104.20,2166.40,56.9,465.10, 630616
2026-04-17T21:55:22.735Z,dccm_data_200.bin,wt,Rep_2,0.5,0.5,104.20,101.20,59.8,432.78, 291370
2026-04-17T21:55:42.785Z,dccm_data_200.bin,wt,Rep_2,0.75,0.75,104.20,49.20,60.0,398.30, 94364
2026-04-17T21:56:04.661Z,dccm_data_400.bin,wt,Rep_2,0.35,0.35,59.90,1813.10,56.8,375.46, 359344
2026-04-17T21:56:22.846Z,dccm_data_400.bin,wt,Rep_2,0.5,0.5,59.90,58.20,59.9,366.57, 168008
2026-04-17T21:56:42.874Z,dccm_data_400.bin,wt,Rep_2,0.75,0.75,59.90,27.30,60.0,349.46, 53546
2026-04-17T21:57:04.537Z,dccm_data_800.bin,wt,Rep_2,0.35,0.35,24.30,1635.80,57.2,353.33, 215768
2026-04-17T21:57:22.912Z,dccm_data_800.bin,wt,Rep_2,0.5,0.5,24.30,34.40,60.0,330.15, 105816
2026-04-17T21:57:42.931Z,dccm_data_800.bin,wt,Rep_2,0.75,0.75,24.30,19.10,60.0,295.80, 32348
2026-04-17T21:58:04.465Z,dccm_data_1600.bin,wt,Rep_2,0.35,0.35,10.50,1520.90,57.6,336.32, 141854
2026-04-17T21:58:22.958Z,dccm_data_1600.bin,wt,Rep_2,0.5,0.5,10.50,23.40,60.0,299.77, 71650
2026-04-17T21:58:42.969Z,dccm_data_1600.bin,wt,Rep_2,0.75,0.75,10.50,11.00,60.0,308.00, 19362
2026-04-17T21:59:12.936Z,dccm_data_25.bin,wt,Rep_3,0.35,0.35,1058.70,8904.40,23.8,1710.29, 7052430
2026-04-17T21:59:23.948Z,dccm_data_25.bin,wt,Rep_3,0.5,0.5,1058.70,975.00,42.2,1716.23, 2991416
2026-04-17T21:59:44.407Z,dccm_data_25.bin,wt,Rep_3,0.75,0.75,1058.70,395.50,57.6,1392.92, 771248
2026-04-17T22:00:09.961Z,dccm_data_50.bin,wt,Rep_3,0.35,0.35,413.10,5125.80,46.5,1006.21, 3616534
2026-04-17T22:00:24.931Z,dccm_data_50.bin,wt,Rep_3,0.5,0.5,413.10,501.40,54.9,1060.50, 1611402
2026-04-17T22:00:45.132Z,dccm_data_50.bin,wt,Rep_3,0.75,0.75,413.10,198.00,59.5,818.92, 429776
2026-04-17T22:01:08.665Z,dccm_data_100.bin,wt,Rep_3,0.35,0.35,180.50,3341.20,56.3,692.32, 1963364
2026-04-17T22:01:25.444Z,dccm_data_100.bin,wt,Rep_3,0.5,0.5,180.50,300.50,59.1,697.73, 901192
2026-04-17T22:01:45.552Z,dccm_data_100.bin,wt,Rep_3,0.75,0.75,180.50,107.20,59.8,547.59, 245164
2026-04-17T22:02:08.120Z,dccm_data_200.bin,wt,Rep_3,0.35,0.35,162.40,2401.60,56.6,540.72, 1067294
2026-04-17T22:02:25.720Z,dccm_data_200.bin,wt,Rep_3,0.5,0.5,162.40,163.00,59.6,485.16, 510672
2026-04-17T22:02:45.781Z,dccm_data_200.bin,wt,Rep_3,0.75,0.75,162.40,60.80,59.9,428.55, 141484
2026-04-17T22:03:07.751Z,dccm_data_400.bin,wt,Rep_3,0.35,0.35,62.30,1905.10,56.3,409.46, 579096
2026-04-17T22:03:25.874Z,dccm_data_400.bin,wt,Rep_3,0.5,0.5,62.30,90.30,59.8,391.07, 278956
2026-04-17T22:03:45.909Z,dccm_data_400.bin,wt,Rep_3,0.75,0.75,62.30,33.00,60.0,365.42, 75560
2026-04-17T22:04:07.642Z,dccm_data_800.bin,wt,Rep_3,0.35,0.35,26.70,1703.60,57.2,349.64, 307076
2026-04-17T22:04:25.956Z,dccm_data_800.bin,wt,Rep_3,0.5,0.5,26.70,43.90,60.0,349.44, 141506
2026-04-17T22:04:45.973Z,dccm_data_800.bin,wt,Rep_3,0.75,0.75,26.70,16.00,60.0,311.43, 38020
2026-04-17T22:05:07.575Z,dccm_data_1600.bin,wt,Rep_3,0.35,0.35,15.50,1584.30,57.4,344.48, 177728
2026-04-17T22:05:26.005Z,dccm_data_1600.bin,wt,Rep_3,0.5,0.5,15.50,29.70,60.0,309.16, 93570
2026-04-17T22:05:46.015Z,dccm_data_1600.bin,wt,Rep_3,0.75,0.75,15.50,9.60,60.0,306.65, 25232
2026-04-17T22:06:14.056Z,dccm_data_25.bin,wt,Rep_4,0.35,0.35,686.60,7351.60,37.4,1652.64, 4257976
2026-04-17T22:06:26.856Z,dccm_data_25.bin,wt,Rep_4,0.5,0.5,686.60,719.10,47.1,1441.74, 1765056
2026-04-17T22:06:47.171Z,dccm_data_25.bin,wt,Rep_4,0.75,0.75,686.60,315.00,59.2,1289.53, 582740
2026-04-17T22:07:11.807Z,dccm_data_50.bin,wt,Rep_4,0.35,0.35,407.30,4221.00,52.0,860.37, 1964690
2026-04-17T22:07:27.517Z,dccm_data_50.bin,wt,Rep_4,0.5,0.5,407.30,337.60,54.9,817.12, 891448
2026-04-17T22:07:47.704Z,dccm_data_50.bin,wt,Rep_4,0.75,0.75,407.30,154.40,56.9,861.84, 309206
2026-04-17T22:08:10.758Z,dccm_data_100.bin,wt,Rep_4,0.35,0.35,236.40,2809.10,55.8,614.86, 1040938
2026-04-17T22:08:27.888Z,dccm_data_100.bin,wt,Rep_4,0.5,0.5,236.40,175.40,59.2,566.87, 486972
2026-04-17T22:08:47.983Z,dccm_data_100.bin,wt,Rep_4,0.75,0.75,236.40,86.00,59.6,512.02, 169562
2026-04-17T22:09:10.341Z,dccm_data_200.bin,wt,Rep_4,0.35,0.35,167.90,2185.60,55.4,455.40, 562684
2026-04-17T22:09:28.086Z,dccm_data_200.bin,wt,Rep_4,0.5,0.5,167.90,98.40,59.7,418.75, 279216
2026-04-17T22:09:48.140Z,dccm_data_200.bin,wt,Rep_4,0.75,0.75,167.90,48.60,59.9,395.90, 98868
2026-04-17T22:10:10.054Z,dccm_data_400.bin,wt,Rep_4,0.35,0.35,99.80,1811.60,56.6,394.07, 307002
2026-04-17T22:10:28.198Z,dccm_data_400.bin,wt,Rep_4,0.5,0.5,99.80,49.40,60.0,357.43, 148462
2026-04-17T22:10:48.224Z,dccm_data_400.bin,wt,Rep_4,0.75,0.75,99.80,25.80,60.0,341.59, 52270
2026-04-17T22:11:09.885Z,dccm_data_800.bin,wt,Rep_4,0.35,0.35,23.40,1632.90,57.3,320.82, 182176
2026-04-17T22:11:28.256Z,dccm_data_800.bin,wt,Rep_4,0.5,0.5,23.40,27.90,60.0,327.52, 86508
2026-04-17T22:11:48.272Z,dccm_data_800.bin,wt,Rep_4,0.75,0.75,23.40,13.90,60.0,312.92, 29000
2026-04-17T22:12:09.838Z,dccm_data_1600.bin,wt,Rep_4,0.35,0.35,20.60,1542.30,57.5,329.86, 105360
2026-04-17T22:12:28.293Z,dccm_data_1600.bin,wt,Rep_4,0.5,0.5,20.60,18.10,60.0,301.23, 49942
2026-04-17T22:12:48.304Z,dccm_data_1600.bin,wt,Rep_4,0.75,0.75,20.60,9.80,60.0,292.07, 16116
2026-04-17T22:13:17.124Z,dccm_data_25.bin,wt,Rep_5,0.35,0.35,1001.40,7816.20,13.8,1626.57, 5200588
2026-04-17T22:13:29.132Z,dccm_data_25.bin,wt,Rep_5,0.5,0.5,1001.40,754.10,33.7,1543.32, 2029574
2026-04-17T22:13:49.502Z,dccm_data_25.bin,wt,Rep_5,0.75,0.75,1001.40,341.80,57.7,1256.48, 633628
2026-04-17T22:14:14.437Z,dccm_data_50.bin,wt,Rep_5,0.35,0.35,406.50,4507.00,21.8,963.24, 2580320
2026-04-17T22:14:29.962Z,dccm_data_50.bin,wt,Rep_5,0.5,0.5,406.50,375.80,46.4,830.06, 1062304
2026-04-17T22:14:50.158Z,dccm_data_50.bin,wt,Rep_5,0.75,0.75,406.50,165.50,59.3,875.83, 342268
2026-04-17T22:15:13.340Z,dccm_data_100.bin,wt,Rep_5,0.35,0.35,183.00,2987.30,35.9,616.20, 1366962
2026-04-17T22:15:30.392Z,dccm_data_100.bin,wt,Rep_5,0.5,0.5,183.00,177.30,58.7,657.36, 558234
2026-04-17T22:15:50.493Z,dccm_data_100.bin,wt,Rep_5,0.75,0.75,183.00,93.40,59.8,519.96, 186462
2026-04-17T22:16:12.949Z,dccm_data_200.bin,wt,Rep_5,0.35,0.35,152.60,2299.30,56.9,469.71, 784262
2026-04-17T22:16:30.613Z,dccm_data_200.bin,wt,Rep_5,0.5,0.5,152.60,104.20,59.7,459.88, 326418
2026-04-17T22:16:50.666Z,dccm_data_200.bin,wt,Rep_5,0.75,0.75,152.60,49.00,60.0,405.02, 103398
2026-04-17T22:17:12.576Z,dccm_data_400.bin,wt,Rep_5,0.35,0.35,55.30,1850.90,56.5,397.66, 432308
2026-04-17T22:17:30.726Z,dccm_data_400.bin,wt,Rep_5,0.5,0.5,55.30,55.90,59.9,379.38, 181680
2026-04-17T22:17:50.756Z,dccm_data_400.bin,wt,Rep_5,0.75,0.75,55.30,27.00,60.0,350.08, 57208
2026-04-17T22:18:12.375Z,dccm_data_800.bin,wt,Rep_5,0.35,0.35,16.40,1599.80,57.2,359.39, 241676
2026-04-17T22:18:30.793Z,dccm_data_800.bin,wt,Rep_5,0.5,0.5,16.40,31.50,60.0,336.95, 102948
2026-04-17T22:18:50.808Z,dccm_data_800.bin,wt,Rep_5,0.75,0.75,16.40,14.40,60.0,310.12, 31048
2026-04-17T22:19:12.403Z,dccm_data_1600.bin,wt,Rep_5,0.35,0.35,12.60,1579.70,57.5,304.61, 150408
2026-04-17T22:19:30.834Z,dccm_data_1600.bin,wt,Rep_5,0.5,0.5,12.60,22.90,60.0,308.42, 68090
2026-04-17T22:19:50.845Z,dccm_data_1600.bin,wt,Rep_5,0.75,0.75,12.60,10.60,60.0,290.21, 18786
2026-04-17T22:20:19.433Z,dccm_data_25.bin,wt_lig,Rep_1,0.35,0.35,716.70,7868.60,15.2,1534.84, 5138180
2026-04-17T22:20:31.829Z,dccm_data_25.bin,wt_lig,Rep_1,0.5,0.5,716.70,830.00,33.3,1533.26, 2181846
2026-04-17T22:20:52.199Z,dccm_data_25.bin,wt_lig,Rep_1,0.75,0.75,716.70,327.60,57.8,1318.29, 625414
2026-04-17T22:21:17.256Z,dccm_data_50.bin,wt_lig,Rep_1,0.35,0.35,514.80,4526.90,21.4,990.85, 2595420
2026-04-17T22:21:32.673Z,dccm_data_50.bin,wt_lig,Rep_1,0.5,0.5,514.80,399.40,41.3,937.73, 1191260
2026-04-17T22:21:52.879Z,dccm_data_50.bin,wt_lig,Rep_1,0.75,0.75,514.80,169.80,58.8,796.96, 344478
2026-04-17T22:22:16.109Z,dccm_data_100.bin,wt_lig,Rep_1,0.35,0.35,230.00,2984.30,35.4,691.51, 1454556
2026-04-17T22:22:33.169Z,dccm_data_100.bin,wt_lig,Rep_1,0.5,0.5,230.00,245.80,58.4,639.29, 707902
2026-04-17T22:22:53.271Z,dccm_data_100.bin,wt_lig,Rep_1,0.75,0.75,230.00,95.40,59.8,549.38, 209360
2026-04-17T22:23:15.596Z,dccm_data_200.bin,wt_lig,Rep_1,0.35,0.35,149.40,2171.20,56.9,478.04, 799594
2026-04-17T22:23:33.404Z,dccm_data_200.bin,wt_lig,Rep_1,0.5,0.5,149.40,128.40,59.7,449.40, 407116
2026-04-17T22:23:53.457Z,dccm_data_200.bin,wt_lig,Rep_1,0.75,0.75,149.40,52.60,59.9,418.51, 122238
2026-04-17T22:24:15.406Z,dccm_data_400.bin,wt_lig,Rep_1,0.35,0.35,56.90,1888.30,56.7,421.77, 462658
2026-04-17T22:24:33.542Z,dccm_data_400.bin,wt_lig,Rep_1,0.5,0.5,56.90,75.80,59.9,362.50, 236930
2026-04-17T22:24:53.576Z,dccm_data_400.bin,wt_lig,Rep_1,0.75,0.75,56.90,29.40,60.0,360.14, 71346
2026-04-17T22:25:15.274Z,dccm_data_800.bin,wt_lig,Rep_1,0.35,0.35,19.60,1675.90,57.2,338.49, 280520
2026-04-17T22:25:33.624Z,dccm_data_800.bin,wt_lig,Rep_1,0.5,0.5,19.60,44.60,60.0,348.36, 145524
2026-04-17T22:25:53.642Z,dccm_data_800.bin,wt_lig,Rep_1,0.75,0.75,19.60,16.70,60.0,304.70, 41456
2026-04-17T22:26:15.233Z,dccm_data_1600.bin,wt_lig,Rep_1,0.35,0.35,17.10,1570.40,57.5,303.17, 138588
2026-04-17T22:26:33.667Z,dccm_data_1600.bin,wt_lig,Rep_1,0.5,0.5,17.10,21.90,60.0,307.03, 72592
2026-04-17T22:26:53.679Z,dccm_data_1600.bin,wt_lig,Rep_1,0.75,0.75,17.10,11.30,60.0,293.61, 21692
2026-04-17T22:27:23.212Z,dccm_data_25.bin,wt_lig,Rep_2,0.35,0.35,827.80,8702.20,11.2,1688.92, 6558142
2026-04-17T22:27:34.818Z,dccm_data_25.bin,wt_lig,Rep_2,0.5,0.5,827.80,1023.00,27.0,1674.02, 2803118
2026-04-17T22:27:55.183Z,dccm_data_25.bin,wt_lig,Rep_2,0.75,0.75,827.80,356.10,56.9,1374.40, 755380
2026-04-17T22:28:20.519Z,dccm_data_50.bin,wt_lig,Rep_2,0.35,0.35,429.50,4859.60,16.9,984.93, 3345916
2026-04-17T22:28:35.823Z,dccm_data_50.bin,wt_lig,Rep_2,0.5,0.5,429.50,490.60,34.0,965.08, 1514582
2026-04-17T22:28:56.053Z,dccm_data_50.bin,wt_lig,Rep_2,0.75,0.75,429.50,195.10,58.9,812.54, 428200
2026-04-17T22:29:19.533Z,dccm_data_100.bin,wt_lig,Rep_2,0.35,0.35,217.90,3255.50,27.8,686.99, 1822812
2026-04-17T22:29:36.372Z,dccm_data_100.bin,wt_lig,Rep_2,0.5,0.5,217.90,255.20,55.8,647.10, 849694
2026-04-17T22:29:56.512Z,dccm_data_100.bin,wt_lig,Rep_2,0.75,0.75,217.90,103.20,59.7,552.05, 241964
2026-04-17T22:30:19.157Z,dccm_data_200.bin,wt_lig,Rep_2,0.35,0.35,148.40,2491.80,56.0,479.97, 986114
2026-04-17T22:30:36.660Z,dccm_data_200.bin,wt_lig,Rep_2,0.5,0.5,148.40,143.70,59.0,477.75, 471210
2026-04-17T22:30:56.720Z,dccm_data_200.bin,wt_lig,Rep_2,0.75,0.75,148.40,58.90,59.9,423.60, 138530
2026-04-17T22:31:18.700Z,dccm_data_400.bin,wt_lig,Rep_2,0.35,0.35,64.10,1912.90,57.0,362.57, 602920
2026-04-17T22:31:36.815Z,dccm_data_400.bin,wt_lig,Rep_2,0.5,0.5,64.10,91.80,59.8,390.21, 311998
2026-04-17T22:31:56.857Z,dccm_data_400.bin,wt_lig,Rep_2,0.75,0.75,64.10,41.20,60.0,339.79, 91416
2026-04-17T22:32:18.575Z,dccm_data_800.bin,wt_lig,Rep_2,0.35,0.35,17.50,1696.80,57.3,360.29, 380014
2026-04-17T22:32:36.931Z,dccm_data_800.bin,wt_lig,Rep_2,0.5,0.5,17.50,67.60,59.9,333.79, 208092
2026-04-17T22:32:56.954Z,dccm_data_800.bin,wt_lig,Rep_2,0.75,0.75,17.50,22.20,60.0,324.79, 60600
2026-04-17T22:33:18.502Z,dccm_data_1600.bin,wt_lig,Rep_2,0.35,0.35,9.40,1533.90,57.5,346.98, 182178
2026-04-17T22:33:36.992Z,dccm_data_1600.bin,wt_lig,Rep_2,0.5,0.5,9.40,33.30,60.0,312.75, 97430
2026-04-17T22:33:57.003Z,dccm_data_1600.bin,wt_lig,Rep_2,0.75,0.75,9.40,10.60,60.0,309.76, 27396
2026-04-17T22:34:25.277Z,dccm_data_25.bin,wt_lig,Rep_3,0.35,0.35,947.90,7323.20,24.7,1657.22, 4303232
2026-04-17T22:34:37.716Z,dccm_data_25.bin,wt_lig,Rep_3,0.5,0.5,947.90,666.60,40.1,1558.30, 1764370
2026-04-17T22:34:58.029Z,dccm_data_25.bin,wt_lig,Rep_3,0.75,0.75,947.90,301.40,59.1,1283.07, 531672
2026-04-17T22:35:22.720Z,dccm_data_50.bin,wt_lig,Rep_3,0.35,0.35,496.20,4187.10,37.6,863.07, 1972022
2026-04-17T22:35:38.407Z,dccm_data_50.bin,wt_lig,Rep_3,0.5,0.5,496.20,330.20,54.4,833.01, 897616
2026-04-17T22:35:58.584Z,dccm_data_50.bin,wt_lig,Rep_3,0.75,0.75,496.20,156.40,59.4,848.01, 285416
2026-04-17T22:36:21.629Z,dccm_data_100.bin,wt_lig,Rep_3,0.35,0.35,228.70,2810.50,46.9,647.86, 1079408
2026-04-17T22:36:38.767Z,dccm_data_100.bin,wt_lig,Rep_3,0.5,0.5,228.70,176.70,59.4,579.62, 504682
2026-04-17T22:36:58.862Z,dccm_data_100.bin,wt_lig,Rep_3,0.75,0.75,228.70,84.60,59.8,517.10, 158046
2026-04-17T22:37:21.042Z,dccm_data_200.bin,wt_lig,Rep_3,0.35,0.35,103.40,2069.20,57.0,462.81, 576806
2026-04-17T22:37:38.965Z,dccm_data_200.bin,wt_lig,Rep_3,0.5,0.5,103.40,94.70,59.8,444.65, 277150
2026-04-17T22:37:59.015Z,dccm_data_200.bin,wt_lig,Rep_3,0.75,0.75,103.40,50.10,60.0,394.96, 91964
2026-04-17T22:38:20.824Z,dccm_data_400.bin,wt_lig,Rep_3,0.35,0.35,65.20,1740.20,57.0,365.46, 327734
2026-04-17T22:38:39.076Z,dccm_data_400.bin,wt_lig,Rep_3,0.5,0.5,65.20,57.20,59.9,362.67, 163400
2026-04-17T22:38:59.104Z,dccm_data_400.bin,wt_lig,Rep_3,0.75,0.75,65.20,26.40,60.0,347.98, 52832
2026-04-17T22:39:20.793Z,dccm_data_800.bin,wt_lig,Rep_3,0.35,0.35,33.20,1653.10,57.4,325.42, 213856
2026-04-17T22:39:39.146Z,dccm_data_800.bin,wt_lig,Rep_3,0.5,0.5,33.20,35.90,60.0,330.38, 109226
2026-04-17T22:39:59.169Z,dccm_data_800.bin,wt_lig,Rep_3,0.75,0.75,33.20,22.40,60.0,320.60, 33022
2026-04-17T22:40:20.751Z,dccm_data_1600.bin,wt_lig,Rep_3,0.35,0.35,19.70,1558.00,57.5,330.09, 118422
2026-04-17T22:40:39.194Z,dccm_data_1600.bin,wt_lig,Rep_3,0.5,0.5,19.70,20.40,60.0,296.16, 61882
2026-04-17T22:40:59.205Z,dccm_data_1600.bin,wt_lig,Rep_3,0.75,0.75,19.70,10.10,60.0,304.96, 16906
2026-04-17T22:41:27.524Z,dccm_data_25.bin,wt_lig,Rep_4,0.35,0.35,935.80,7379.90,21.9,1680.92, 4496170
2026-04-17T22:41:39.955Z,dccm_data_25.bin,wt_lig,Rep_4,0.5,0.5,935.80,692.00,41.0,1413.17, 1797926
2026-04-17T22:42:00.268Z,dccm_data_25.bin,wt_lig,Rep_4,0.75,0.75,935.80,309.30,59.1,1453.26, 578054
2026-04-17T22:42:24.840Z,dccm_data_50.bin,wt_lig,Rep_4,0.35,0.35,340.80,4213.20,34.7,904.59, 2133082
2026-04-17T22:42:40.642Z,dccm_data_50.bin,wt_lig,Rep_4,0.5,0.5,340.80,310.90,53.9,907.72, 918234
2026-04-17T22:43:00.840Z,dccm_data_50.bin,wt_lig,Rep_4,0.75,0.75,340.80,162.20,59.4,775.35, 309322
2026-04-17T22:43:23.782Z,dccm_data_100.bin,wt_lig,Rep_4,0.35,0.35,163.90,2772.20,47.7,598.71, 1092258
2026-04-17T22:43:41.033Z,dccm_data_100.bin,wt_lig,Rep_4,0.5,0.5,163.90,160.40,59.4,589.04, 487976
2026-04-17T22:44:01.127Z,dccm_data_100.bin,wt_lig,Rep_4,0.75,0.75,163.90,89.00,59.8,520.87, 168554
2026-04-17T22:44:23.433Z,dccm_data_200.bin,wt_lig,Rep_4,0.35,0.35,147.90,2149.70,57.0,429.47, 576208
2026-04-17T22:44:41.220Z,dccm_data_200.bin,wt_lig,Rep_4,0.5,0.5,147.90,83.20,59.8,442.18, 257398
2026-04-17T22:45:01.267Z,dccm_data_200.bin,wt_lig,Rep_4,0.75,0.75,147.90,45.90,60.0,396.01, 91052
2026-04-17T22:45:23.154Z,dccm_data_400.bin,wt_lig,Rep_4,0.35,0.35,63.80,1819.60,56.8,377.19, 330738
2026-04-17T22:45:41.322Z,dccm_data_400.bin,wt_lig,Rep_4,0.5,0.5,63.80,50.70,59.9,361.34, 144622
2026-04-17T22:46:01.352Z,dccm_data_400.bin,wt_lig,Rep_4,0.75,0.75,63.80,26.30,60.0,345.52, 50602
2026-04-17T22:46:23.010Z,dccm_data_800.bin,wt_lig,Rep_4,0.35,0.35,30.40,1624.50,57.3,326.78, 192760
2026-04-17T22:46:41.387Z,dccm_data_800.bin,wt_lig,Rep_4,0.5,0.5,30.40,28.10,60.0,323.64, 83656
2026-04-17T22:47:01.405Z,dccm_data_800.bin,wt_lig,Rep_4,0.75,0.75,30.40,15.10,60.0,317.44, 27858
2026-04-17T22:47:22.939Z,dccm_data_1600.bin,wt_lig,Rep_4,0.35,0.35,10.10,1521.40,57.5,337.08, 119814
2026-04-17T22:47:41.428Z,dccm_data_1600.bin,wt_lig,Rep_4,0.5,0.5,10.10,20.00,60.0,296.13, 51842
2026-04-17T22:48:01.436Z,dccm_data_1600.bin,wt_lig,Rep_4,0.75,0.75,10.10,7.90,60.0,309.06, 16184
2026-04-17T22:48:30.240Z,dccm_data_25.bin,wt_lig,Rep_5,0.35,0.35,911.60,7889.80,20.3,1659.18, 5394732
2026-04-17T22:48:42.178Z,dccm_data_25.bin,wt_lig,Rep_5,0.5,0.5,911.60,739.30,39.0,1650.81, 2213262
2026-04-17T22:49:02.568Z,dccm_data_25.bin,wt_lig,Rep_5,0.75,0.75,911.60,323.90,57.8,1314.80, 614072
2026-04-17T22:49:27.744Z,dccm_data_50.bin,wt_lig,Rep_5,0.35,0.35,547.40,4609.60,28.5,983.39, 2788588
2026-04-17T22:49:43.068Z,dccm_data_50.bin,wt_lig,Rep_5,0.5,0.5,547.40,411.60,46.7,862.89, 1213408
2026-04-17T22:50:03.234Z,dccm_data_50.bin,wt_lig,Rep_5,0.75,0.75,547.40,164.40,59.6,889.13, 340028
2026-04-17T22:50:26.672Z,dccm_data_100.bin,wt_lig,Rep_5,0.35,0.35,294.10,3135.30,40.1,597.81, 1588702
2026-04-17T22:50:43.524Z,dccm_data_100.bin,wt_lig,Rep_5,0.5,0.5,294.10,233.40,58.8,658.29, 727252
2026-04-17T22:51:03.619Z,dccm_data_100.bin,wt_lig,Rep_5,0.75,0.75,294.10,93.70,59.8,585.70, 201676
2026-04-17T22:51:26.101Z,dccm_data_200.bin,wt_lig,Rep_5,0.35,0.35,115.70,2361.60,55.4,514.49, 935414
2026-04-17T22:51:43.772Z,dccm_data_200.bin,wt_lig,Rep_5,0.5,0.5,115.70,148.50,59.6,459.49, 446510
2026-04-17T22:52:03.829Z,dccm_data_200.bin,wt_lig,Rep_5,0.75,0.75,115.70,56.70,59.9,420.80, 127344
2026-04-17T22:52:25.867Z,dccm_data_400.bin,wt_lig,Rep_5,0.35,0.35,123.10,1911.10,56.2,424.52, 506460
2026-04-17T22:52:43.909Z,dccm_data_400.bin,wt_lig,Rep_5,0.5,0.5,123.10,75.90,59.7,361.96, 248352
2026-04-17T22:53:03.939Z,dccm_data_400.bin,wt_lig,Rep_5,0.75,0.75,123.10,29.10,57.5,357.28, 69832
2026-04-17T22:53:25.599Z,dccm_data_800.bin,wt_lig,Rep_5,0.35,0.35,17.20,1638.90,56.7,363.29, 296246
2026-04-17T22:53:43.989Z,dccm_data_800.bin,wt_lig,Rep_5,0.5,0.5,17.20,46.40,60.0,352.37, 147820
2026-04-17T22:54:04.007Z,dccm_data_800.bin,wt_lig,Rep_5,0.75,0.75,17.20,17.50,60.0,313.56, 39966
2026-04-17T22:54:25.646Z,dccm_data_1600.bin,wt_lig,Rep_5,0.35,0.35,20.60,1615.30,57.4,338.12, 187252
2026-04-17T22:54:44.040Z,dccm_data_1600.bin,wt_lig,Rep_5,0.5,0.5,20.60,29.30,60.0,313.64, 93386
2026-04-17T22:55:04.052Z,dccm_data_1600.bin,wt_lig,Rep_5,0.75,0.75,20.60,11.50,60.0,311.49, 24642
